{
	"credit": "Made with Blockbench",
	"texture_size": [64, 64],
	"textures": {
		"0": "the_vault:block/dungeon_doors/illager",
		"particle": "the_vault:block/dungeon_doors/illager"
	},
	"elements": [
		{
			"from": [0, 0, 13],
			"to": [16, 16, 16],
			"faces": {
				"north": {"uv": [0, 0, 4, 4], "texture": "#0"},
				"east": {"uv": [4, 0, 4.75, 4], "texture": "#0"},
				"south": {"uv": [4.75, 0, 8.75, 4], "texture": "#0"},
				"west": {"uv": [4, 0, 4.75, 4], "texture": "#0"},
				"up": {"uv": [0, 8, 4, 8.75], "texture": "#0"},
				"down": {"uv": [0, 8, 4, 8.75], "texture": "#0"}
			}
		},
		{
			"from": [4, 3, 11],
			"to": [12, 13, 13],
			"faces": {
				"north": {"uv": [2.5, 10.75, 4.5, 13.25], "texture": "#0"},
				"east": {"uv": [4.5, 10.75, 5, 13.25], "texture": "#0"},
				"south": {"uv": [2.5, 10.75, 4.5, 13.25], "texture": "#0"},
				"west": {"uv": [5.25, 10.75, 5.75, 13.25], "texture": "#0"},
				"up": {"uv": [6, 10.75, 8, 11.25], "texture": "#0"},
				"down": {"uv": [6, 11.5, 8, 12], "texture": "#0"}
			}
		},
		{
			"from": [7, 2, 10],
			"to": [9, 6, 12],
			"faces": {
				"north": {"uv": [3.25, 12.5, 3.75, 13.5], "texture": "#0"},
				"east": {"uv": [4.5, 10.75, 5, 11.75], "texture": "#0"},
				"south": {"uv": [3.25, 12.5, 3.75, 13.5], "texture": "#0"},
				"west": {"uv": [5.25, 10.75, 5.75, 11.75], "texture": "#0"},
				"up": {"uv": [6, 10.75, 6.5, 11.25], "texture": "#0"},
				"down": {"uv": [6, 11.5, 6.5, 12], "texture": "#0"}
			}
		},
		{
			"from": [6.5, -4, 12],
			"to": [9.5, 20, 13],
			"rotation": {"angle": -45, "axis": "z", "origin": [8, 8, 12.5]},
			"faces": {
				"north": {"uv": [8.75, 0, 9.5, 6], "texture": "#0"},
				"east": {"uv": [9.5, 0, 9.75, 6], "texture": "#0"},
				"south": {"uv": [8.75, 0, 9.5, 6], "texture": "#0"},
				"west": {"uv": [9.5, 0, 9.75, 6], "texture": "#0"},
				"up": {"uv": [8.75, 6, 9.5, 6.25], "texture": "#0"},
				"down": {"uv": [8.75, 6, 9.5, 6.25], "texture": "#0"}
			}
		},
		{
			"from": [6.5, -4, 12.25],
			"to": [9.5, 20, 13.25],
			"rotation": {"angle": 45, "axis": "z", "origin": [8, 8, 12.5]},
			"faces": {
				"north": {"uv": [8.75, 0, 9.5, 6], "texture": "#0"},
				"east": {"uv": [9.5, 0, 9.75, 6], "texture": "#0"},
				"south": {"uv": [8.75, 0, 9.5, 6], "texture": "#0"},
				"west": {"uv": [9.5, 0, 9.75, 6], "texture": "#0"},
				"up": {"uv": [8.75, 6, 9.5, 6.25], "texture": "#0"},
				"down": {"uv": [8.75, 6, 9.5, 6.25], "texture": "#0"}
			}
		}
	],
	"display": {
		"thirdperson_righthand": {
			"rotation": [75, 45, 0],
			"translation": [0, 2.5, 0],
			"scale": [0.375, 0.375, 0.375]
		},
		"thirdperson_lefthand": {
			"rotation": [75, 45, 0],
			"translation": [0, 2.5, 0],
			"scale": [0.375, 0.375, 0.375]
		},
		"firstperson_righthand": {
			"rotation": [0, 135, 0],
			"scale": [0.4, 0.4, 0.4]
		},
		"firstperson_lefthand": {
			"rotation": [0, 135, 0],
			"scale": [0.4, 0.4, 0.4]
		},
		"ground": {
			"translation": [0, 3, -1],
			"scale": [0.25, 0.25, 0.25]
		},
		"gui": {
			"rotation": [0, 180, 0],
			"translation": [0.25, -0.25, 0],
			"scale": [0.625, 0.625, 0.625]
		},
		"fixed": {
			"translation": [0, 0, -2.5],
			"scale": [0.5, 0.5, 0.5]
		}
	}
}