{
	"credit": "Made with Blockbench",
	"texture_size": [64, 64],
	"textures": {
		"0": "the_vault:block/god_altar/tenos",
		"particle": "the_vault:block/god_altar/tenos"
	},
	"elements": [
		{
			"from": [0, 0, 0],
			"to": [16, 3, 16],
			"faces": {
				"north": {"uv": [0, 4, 4, 4.75], "texture": "#0"},
				"east": {"uv": [0, 4, 4, 4.75], "texture": "#0"},
				"south": {"uv": [0, 4, 4, 4.75], "texture": "#0"},
				"west": {"uv": [0, 4, 4, 4.75], "texture": "#0"},
				"up": {"uv": [0, 0, 4, 4], "texture": "#0"},
				"down": {"uv": [0, 5, 4, 9], "texture": "#0"}
			}
		},
		{
			"from": [4, 3, 10],
			"to": [12, 15, 14],
			"rotation": {"angle": 0, "axis": "y", "origin": [0, -1, 0]},
			"faces": {
				"north": {"uv": [8, 1, 10, 4], "texture": "#0"},
				"east": {"uv": [10, 0, 11, 3], "texture": "#0"},
				"south": {"uv": [11, 0, 13, 3], "texture": "#0"},
				"west": {"uv": [10, 0, 11, 3], "texture": "#0"},
				"up": {"uv": [8, 0, 10, 1], "texture": "#0"},
				"down": {"uv": [8, 0, 10, 1], "texture": "#0"}
			}
		},
		{
			"from": [4, 15, 8],
			"to": [12, 25, 16],
			"rotation": {"angle": 0, "axis": "y", "origin": [0, -1, 0]},
			"faces": {
				"north": {"uv": [4, 2, 6, 4.5], "texture": "#0"},
				"east": {"uv": [6, 2, 8, 4.5], "texture": "#0"},
				"south": {"uv": [6, 2, 8, 4.5], "texture": "#0"},
				"west": {"uv": [6, 2, 8, 4.5], "texture": "#0"},
				"up": {"uv": [4, 0, 6, 2], "texture": "#0"},
				"down": {"uv": [6, 0, 8, 2], "texture": "#0"}
			}
		},
		{
			"from": [10, 3, 9],
			"to": [13, 16, 10],
			"rotation": {"angle": 0, "axis": "y", "origin": [0, -1, 0]},
			"faces": {
				"north": {"uv": [6, 4.5, 6.75, 7.75], "texture": "#0"},
				"east": {"uv": [6.75, 4.5, 7, 7.75], "texture": "#0"},
				"south": {"uv": [6, 4.5, 6.75, 7.75], "texture": "#0"},
				"west": {"uv": [6.75, 4.5, 7, 7.75], "texture": "#0"},
				"up": {"uv": [7, 5.75, 7.75, 6], "texture": "#0"},
				"down": {"uv": [7, 5.75, 7.75, 6], "texture": "#0"}
			}
		},
		{
			"from": [10, 3, 14],
			"to": [13, 16, 15],
			"rotation": {"angle": 0, "axis": "y", "origin": [0, -1, 0]},
			"faces": {
				"north": {"uv": [6, 4.5, 6.75, 7.75], "texture": "#0"},
				"east": {"uv": [6.75, 4.5, 7, 7.75], "texture": "#0"},
				"south": {"uv": [6, 4.5, 6.75, 7.75], "texture": "#0"},
				"west": {"uv": [6.75, 4.5, 7, 7.75], "texture": "#0"},
				"up": {"uv": [7, 5.75, 7.75, 6], "texture": "#0"},
				"down": {"uv": [7, 5.75, 7.75, 6], "texture": "#0"}
			}
		},
		{
			"from": [3, 3, 9],
			"to": [6, 16, 10],
			"rotation": {"angle": 0, "axis": "y", "origin": [0, -1, 0]},
			"faces": {
				"north": {"uv": [6, 4.5, 6.75, 7.75], "texture": "#0"},
				"east": {"uv": [6.75, 4.5, 7, 7.75], "texture": "#0"},
				"south": {"uv": [6, 4.5, 6.75, 7.75], "texture": "#0"},
				"west": {"uv": [6.75, 4.5, 7, 7.75], "texture": "#0"},
				"up": {"uv": [7, 5.75, 7.75, 6], "texture": "#0"},
				"down": {"uv": [7, 5.75, 7.75, 6], "texture": "#0"}
			}
		},
		{
			"from": [3, 3, 14],
			"to": [6, 16, 15],
			"rotation": {"angle": 0, "axis": "y", "origin": [0, -1, 0]},
			"faces": {
				"north": {"uv": [6, 4.5, 6.75, 7.75], "texture": "#0"},
				"east": {"uv": [6.75, 4.5, 7, 7.75], "texture": "#0"},
				"south": {"uv": [6, 4.5, 6.75, 7.75], "texture": "#0"},
				"west": {"uv": [6.75, 4.5, 7, 7.75], "texture": "#0"},
				"up": {"uv": [7, 5.75, 7.75, 6], "texture": "#0"},
				"down": {"uv": [7, 5.75, 7.75, 6], "texture": "#0"}
			}
		},
		{
			"from": [10, 15, 10],
			"to": [13, 16, 14],
			"rotation": {"angle": 0, "axis": "y", "origin": [0, -1, 0]},
			"faces": {
				"north": {"uv": [7, 5.75, 7.75, 6], "texture": "#0"},
				"east": {"uv": [6.75, 4.5, 7, 5.5], "rotation": 90, "texture": "#0"},
				"south": {"uv": [7, 5.75, 7.75, 6], "texture": "#0"},
				"west": {"uv": [6.75, 4.5, 7, 5.5], "rotation": 90, "texture": "#0"},
				"up": {"uv": [7, 4.75, 7.75, 5.75], "texture": "#0"},
				"down": {"uv": [7, 4.75, 7.75, 5.75], "texture": "#0"}
			}
		},
		{
			"from": [3, 15, 10],
			"to": [6, 16, 14],
			"rotation": {"angle": 0, "axis": "y", "origin": [0, -1, 0]},
			"faces": {
				"north": {"uv": [7, 5.75, 7.75, 6], "texture": "#0"},
				"east": {"uv": [6.75, 4.5, 7, 5.5], "rotation": 90, "texture": "#0"},
				"south": {"uv": [7, 5.75, 7.75, 6], "texture": "#0"},
				"west": {"uv": [6.75, 4.5, 7, 5.5], "rotation": 90, "texture": "#0"},
				"up": {"uv": [7, 4.75, 7.75, 5.75], "texture": "#0"},
				"down": {"uv": [7, 4.75, 7.75, 5.75], "texture": "#0"}
			}
		},
		{
			"from": [7, 14, 6],
			"to": [9, 18, 8],
			"rotation": {"angle": 0, "axis": "y", "origin": [0, -1, 0]},
			"faces": {
				"north": {"uv": [0.75, 9.5, 1.25, 10.5], "texture": "#0"},
				"east": {"uv": [1.25, 9, 1.75, 10], "texture": "#0"},
				"south": {"uv": [0.75, 9.5, 1.25, 10.5], "texture": "#0"},
				"west": {"uv": [1.25, 9, 1.75, 10], "texture": "#0"},
				"up": {"uv": [0.75, 9, 1.25, 9.5], "texture": "#0"},
				"down": {"uv": [0.75, 9, 1.25, 9.5], "texture": "#0"}
			}
		},
		{
			"from": [0, 11, 2],
			"to": [4, 15, 14],
			"faces": {
				"north": {"uv": [5, 4.5, 6, 5.5], "texture": "#0"},
				"east": {"uv": [5, 5.5, 6, 8.5], "rotation": 270, "texture": "#0"},
				"south": {"uv": [4, 4.5, 5, 5.5], "texture": "#0"},
				"west": {"uv": [5, 5.5, 6, 8.5], "rotation": 90, "texture": "#0"},
				"up": {"uv": [4, 5.5, 5, 8.5], "rotation": 180, "texture": "#0"},
				"down": {"uv": [4, 5.5, 5, 8.5], "texture": "#0"}
			}
		},
		{
			"from": [12, 11, 2],
			"to": [16, 15, 14],
			"faces": {
				"north": {"uv": [5, 4.5, 6, 5.5], "texture": "#0"},
				"east": {"uv": [5, 5.5, 6, 8.5], "rotation": 270, "texture": "#0"},
				"south": {"uv": [4, 4.5, 5, 5.5], "texture": "#0"},
				"west": {"uv": [5, 5.5, 6, 8.5], "rotation": 90, "texture": "#0"},
				"up": {"uv": [4, 5.5, 5, 8.5], "rotation": 180, "texture": "#0"},
				"down": {"uv": [4, 5.5, 5, 8.5], "texture": "#0"}
			}
		},
		{
			"from": [-0.4, 21.25, 7.9],
			"to": [3.1, 22.25, 8.9],
			"rotation": {"angle": -22.5, "axis": "z", "origin": [0, -1, 0]},
			"faces": {
				"north": {"uv": [10, 3, 10.75, 3.25], "texture": "#0"},
				"east": {"uv": [10, 3, 10.25, 3.25], "texture": "#0"},
				"south": {"uv": [10, 3, 10.75, 3.25], "texture": "#0"},
				"west": {"uv": [10, 3, 10.25, 3.25], "texture": "#0"},
				"up": {"uv": [10, 3, 10.75, 3.25], "texture": "#0"},
				"down": {"uv": [10, 3, 10.75, 3.25], "texture": "#0"}
			}
		},
		{
			"from": [11.7, 15.15, 7.9],
			"to": [15.2, 16.15, 8.9],
			"rotation": {"angle": 22.5, "axis": "z", "origin": [0, -1, 0]},
			"faces": {
				"north": {"uv": [10, 3, 10.75, 3.25], "texture": "#0"},
				"east": {"uv": [10, 3, 10.25, 3.25], "texture": "#0"},
				"south": {"uv": [10, 3, 10.75, 3.25], "texture": "#0"},
				"west": {"uv": [10, 3, 10.25, 3.25], "texture": "#0"},
				"up": {"uv": [10, 3, 10.75, 3.25], "texture": "#0"},
				"down": {"uv": [10, 3, 10.75, 3.25], "texture": "#0"}
			}
		},
		{
			"from": [0.5, 3, 0.5],
			"to": [2.5, 4, 2.5],
			"faces": {
				"north": {"uv": [0.25, 9.75, 0.75, 10], "texture": "#0"},
				"east": {"uv": [0, 9.75, 0.5, 10], "texture": "#0"},
				"south": {"uv": [0.25, 9.75, 0.75, 10], "texture": "#0"},
				"west": {"uv": [0, 9.75, 0.5, 10], "texture": "#0"},
				"up": {"uv": [0, 9, 0.5, 9.5], "texture": "#0"},
				"down": {"uv": [0, 9, 0.5, 9.5], "texture": "#0"}
			}
		},
		{
			"from": [13.5, 3, 0.5],
			"to": [15.5, 4, 2.5],
			"faces": {
				"north": {"uv": [0.25, 9.75, 0.75, 10], "texture": "#0"},
				"east": {"uv": [0, 9.75, 0.5, 10], "texture": "#0"},
				"south": {"uv": [0.25, 9.75, 0.75, 10], "texture": "#0"},
				"west": {"uv": [0, 9.75, 0.5, 10], "texture": "#0"},
				"up": {"uv": [0, 9, 0.5, 9.5], "texture": "#0"},
				"down": {"uv": [0, 9, 0.5, 9.5], "texture": "#0"}
			}
		},
		{
			"from": [0.5, 3, 4.5],
			"to": [2.5, 4, 6.5],
			"faces": {
				"north": {"uv": [0.25, 9.75, 0.75, 10], "texture": "#0"},
				"east": {"uv": [0, 9.75, 0.5, 10], "texture": "#0"},
				"south": {"uv": [0.25, 9.75, 0.75, 10], "texture": "#0"},
				"west": {"uv": [0, 9.75, 0.5, 10], "texture": "#0"},
				"up": {"uv": [0, 9, 0.5, 9.5], "texture": "#0"},
				"down": {"uv": [0, 9, 0.5, 9.5], "texture": "#0"}
			}
		},
		{
			"from": [13.5, 3, 4.5],
			"to": [15.5, 4, 6.5],
			"faces": {
				"north": {"uv": [0.25, 9.75, 0.75, 10], "texture": "#0"},
				"east": {"uv": [0, 9.75, 0.5, 10], "texture": "#0"},
				"south": {"uv": [0.25, 9.75, 0.75, 10], "texture": "#0"},
				"west": {"uv": [0, 9.75, 0.5, 10], "texture": "#0"},
				"up": {"uv": [0, 9, 0.5, 9.5], "texture": "#0"},
				"down": {"uv": [0, 9, 0.5, 9.5], "texture": "#0"}
			}
		},
		{
			"from": [1.5, 3, 2.5],
			"to": [3.5, 5, 4.5],
			"faces": {
				"north": {"uv": [0.25, 9.75, 0.75, 10.25], "texture": "#0"},
				"east": {"uv": [0, 9.75, 0.5, 10.25], "texture": "#0"},
				"south": {"uv": [0.25, 9.75, 0.75, 10.25], "texture": "#0"},
				"west": {"uv": [0, 9.75, 0.5, 10.25], "texture": "#0"},
				"up": {"uv": [0, 9, 0.5, 9.5], "texture": "#0"},
				"down": {"uv": [0, 9, 0.5, 9.5], "texture": "#0"}
			}
		},
		{
			"from": [12.5, 3, 2.5],
			"to": [14.5, 5, 4.5],
			"faces": {
				"north": {"uv": [0.25, 9.75, 0.75, 10.25], "texture": "#0"},
				"east": {"uv": [0, 9.75, 0.5, 10.25], "texture": "#0"},
				"south": {"uv": [0.25, 9.75, 0.75, 10.25], "texture": "#0"},
				"west": {"uv": [0, 9.75, 0.5, 10.25], "texture": "#0"},
				"up": {"uv": [0, 9, 0.5, 9.5], "texture": "#0"},
				"down": {"uv": [0, 9, 0.5, 9.5], "texture": "#0"}
			}
		},
		{
			"from": [2.5, 3, 5.5],
			"to": [4.5, 7, 7.5],
			"faces": {
				"north": {"uv": [0.25, 9.75, 0.75, 10.75], "texture": "#0"},
				"east": {"uv": [0, 9.75, 0.5, 10.75], "texture": "#0"},
				"south": {"uv": [0.25, 9.75, 0.75, 10.75], "texture": "#0"},
				"west": {"uv": [0, 9.75, 0.5, 10.75], "texture": "#0"},
				"up": {"uv": [0, 9, 0.5, 9.5], "texture": "#0"},
				"down": {"uv": [0, 9, 0.5, 9.5], "texture": "#0"}
			}
		},
		{
			"from": [11.5, 3, 5.5],
			"to": [13.5, 7, 7.5],
			"faces": {
				"north": {"uv": [0.25, 9.75, 0.75, 10.75], "texture": "#0"},
				"east": {"uv": [0, 9.75, 0.5, 10.75], "texture": "#0"},
				"south": {"uv": [0.25, 9.75, 0.75, 10.75], "texture": "#0"},
				"west": {"uv": [0, 9.75, 0.5, 10.75], "texture": "#0"},
				"up": {"uv": [0, 9, 0.5, 9.5], "texture": "#0"},
				"down": {"uv": [0, 9, 0.5, 9.5], "texture": "#0"}
			}
		},
		{
			"from": [1, 3.5, 1],
			"to": [2, 4.5, 2],
			"faces": {
				"north": {"uv": [0, 11, 0.25, 11.25], "texture": "#0"},
				"east": {"uv": [0, 11, 0.25, 11.25], "texture": "#0"},
				"south": {"uv": [0, 11, 0.25, 11.25], "texture": "#0"},
				"west": {"uv": [0, 11, 0.25, 11.25], "texture": "#0"},
				"up": {"uv": [0, 11, 0.25, 11.25], "texture": "#0"},
				"down": {"uv": [0, 11, 0.25, 11.25], "texture": "#0"}
			}
		},
		{
			"from": [14, 3.5, 1],
			"to": [15, 4.5, 2],
			"faces": {
				"north": {"uv": [0, 11, 0.25, 11.25], "texture": "#0"},
				"east": {"uv": [0, 11, 0.25, 11.25], "texture": "#0"},
				"south": {"uv": [0, 11, 0.25, 11.25], "texture": "#0"},
				"west": {"uv": [0, 11, 0.25, 11.25], "texture": "#0"},
				"up": {"uv": [0, 11, 0.25, 11.25], "texture": "#0"},
				"down": {"uv": [0, 11, 0.25, 11.25], "texture": "#0"}
			}
		},
		{
			"from": [1, 3.5, 5],
			"to": [2, 4.5, 6],
			"faces": {
				"north": {"uv": [0, 11, 0.25, 11.25], "texture": "#0"},
				"east": {"uv": [0, 11, 0.25, 11.25], "texture": "#0"},
				"south": {"uv": [0, 11, 0.25, 11.25], "texture": "#0"},
				"west": {"uv": [0, 11, 0.25, 11.25], "texture": "#0"},
				"up": {"uv": [0, 11, 0.25, 11.25], "texture": "#0"},
				"down": {"uv": [0, 11, 0.25, 11.25], "texture": "#0"}
			}
		},
		{
			"from": [14, 3.5, 5],
			"to": [15, 4.5, 6],
			"faces": {
				"north": {"uv": [0, 11, 0.25, 11.25], "texture": "#0"},
				"east": {"uv": [0, 11, 0.25, 11.25], "texture": "#0"},
				"south": {"uv": [0, 11, 0.25, 11.25], "texture": "#0"},
				"west": {"uv": [0, 11, 0.25, 11.25], "texture": "#0"},
				"up": {"uv": [0, 11, 0.25, 11.25], "texture": "#0"},
				"down": {"uv": [0, 11, 0.25, 11.25], "texture": "#0"}
			}
		},
		{
			"from": [2, 4.5, 3],
			"to": [3, 5.5, 4],
			"faces": {
				"north": {"uv": [0, 11, 0.25, 11.25], "texture": "#0"},
				"east": {"uv": [0, 11, 0.25, 11.25], "texture": "#0"},
				"south": {"uv": [0, 11, 0.25, 11.25], "texture": "#0"},
				"west": {"uv": [0, 11, 0.25, 11.25], "texture": "#0"},
				"up": {"uv": [0, 11, 0.25, 11.25], "texture": "#0"},
				"down": {"uv": [0, 11, 0.25, 11.25], "texture": "#0"}
			}
		},
		{
			"from": [13, 4.5, 3],
			"to": [14, 5.5, 4],
			"faces": {
				"north": {"uv": [0, 11, 0.25, 11.25], "texture": "#0"},
				"east": {"uv": [0, 11, 0.25, 11.25], "texture": "#0"},
				"south": {"uv": [0, 11, 0.25, 11.25], "texture": "#0"},
				"west": {"uv": [0, 11, 0.25, 11.25], "texture": "#0"},
				"up": {"uv": [0, 11, 0.25, 11.25], "texture": "#0"},
				"down": {"uv": [0, 11, 0.25, 11.25], "texture": "#0"}
			}
		},
		{
			"from": [3, 6.5, 6],
			"to": [4, 7.5, 7],
			"faces": {
				"north": {"uv": [0, 11, 0.25, 11.25], "texture": "#0"},
				"east": {"uv": [0, 11, 0.25, 11.25], "texture": "#0"},
				"south": {"uv": [0, 11, 0.25, 11.25], "texture": "#0"},
				"west": {"uv": [0, 11, 0.25, 11.25], "texture": "#0"},
				"up": {"uv": [0, 11, 0.25, 11.25], "texture": "#0"},
				"down": {"uv": [0, 11, 0.25, 11.25], "texture": "#0"}
			}
		},
		{
			"from": [12, 6.5, 6],
			"to": [13, 7.5, 7],
			"faces": {
				"north": {"uv": [0, 11, 0.25, 11.25], "texture": "#0"},
				"east": {"uv": [0, 11, 0.25, 11.25], "texture": "#0"},
				"south": {"uv": [0, 11, 0.25, 11.25], "texture": "#0"},
				"west": {"uv": [0, 11, 0.25, 11.25], "texture": "#0"},
				"up": {"uv": [0, 11, 0.25, 11.25], "texture": "#0"},
				"down": {"uv": [0, 11, 0.25, 11.25], "texture": "#0"}
			}
		},
		{
			"from": [3.8, 22, 7.8],
			"to": [12.2, 25.1, 16.2],
			"faces": {
				"north": {"uv": [10, 14.75, 12, 15.5], "texture": "#0"},
				"east": {"uv": [8, 14.75, 10, 15.5], "texture": "#0"},
				"south": {"uv": [14, 14.75, 16, 15.5], "texture": "#0"},
				"west": {"uv": [12, 14.75, 14, 15.5], "texture": "#0"},
				"up": {"uv": [14, 12.75, 16, 14.75], "texture": "#0"},
				"down": {"uv": [14, 12.75, 16, 14.75], "texture": "#0"}
			}
		},
		{
			"from": [8, 21, 16.2],
			"to": [9.05, 22.05, 16.2],
			"faces": {
				"north": {"uv": [15, 15.5, 15.25, 15.75], "texture": "#0"},
				"east": {"uv": [0, 0, 0, 0.25], "texture": "#0"},
				"south": {"uv": [15, 15.5, 15.25, 15.75], "texture": "#0"},
				"west": {"uv": [0, 0, 0, 0.25], "texture": "#0"},
				"up": {"uv": [0, 0, 0.25, 0], "texture": "#0"},
				"down": {"uv": [0, 0, 0.25, 0], "texture": "#0"}
			}
		},
		{
			"from": [9.05, 20, 7.8],
			"to": [10.1, 21.05, 7.8],
			"faces": {
				"north": {"uv": [10.5, 15.75, 10.75, 16], "texture": "#0"},
				"east": {"uv": [0, 0, 0, 0.25], "texture": "#0"},
				"south": {"uv": [10.5, 15.75, 10.75, 16], "texture": "#0"},
				"west": {"uv": [0, 0, 0, 0.25], "texture": "#0"},
				"up": {"uv": [0, 0, 0.25, 0], "texture": "#0"},
				"down": {"uv": [0, 0, 0.25, 0], "texture": "#0"}
			}
		},
		{
			"from": [8, 21, 7.8],
			"to": [10.1, 22.05, 7.8],
			"faces": {
				"north": {"uv": [10.5, 15.5, 11, 15.75], "texture": "#0"},
				"east": {"uv": [0, 0, 0, 0.25], "texture": "#0"},
				"south": {"uv": [10.5, 15.5, 11, 15.75], "texture": "#0"},
				"west": {"uv": [0, 0, 0, 0.25], "texture": "#0"},
				"up": {"uv": [0, 0, 0.25, 0], "texture": "#0"},
				"down": {"uv": [0, 0, 0.25, 0], "texture": "#0"}
			}
		},
		{
			"from": [5, 3, 1],
			"to": [11, 4, 7],
			"faces": {
				"north": {"uv": [1, 13.75, 2.5, 14], "texture": "#0"},
				"east": {"uv": [1, 13.75, 2.5, 14], "texture": "#0"},
				"south": {"uv": [1, 13.75, 2.5, 14], "texture": "#0"},
				"west": {"uv": [1, 13.75, 2.5, 14], "texture": "#0"},
				"up": {"uv": [2.75, 14.25, 4.25, 15.75], "texture": "#0"},
				"down": {"uv": [2.75, 14.25, 4.25, 15.75], "texture": "#0"}
			}
		},
		{
			"from": [6, 4, 2],
			"to": [10, 8, 4],
			"faces": {
				"north": {"uv": [3.25, 12.75, 4.25, 13.75], "texture": "#0"},
				"east": {"uv": [3.25, 12.75, 3.75, 13.75], "texture": "#0"},
				"south": {"uv": [3.25, 12.75, 4.25, 13.75], "texture": "#0"},
				"west": {"uv": [3.25, 12.75, 3.75, 13.75], "texture": "#0"},
				"up": {"uv": [3.25, 12.75, 4.25, 13.25], "texture": "#0"},
				"down": {"uv": [3.25, 12.75, 4.25, 13.25], "texture": "#0"}
			}
		},
		{
			"from": [6, 4, 4],
			"to": [10, 7, 6],
			"faces": {
				"north": {"uv": [3.25, 12.75, 4.25, 13.5], "texture": "#0"},
				"east": {"uv": [3.25, 12.75, 3.75, 13.5], "texture": "#0"},
				"south": {"uv": [3.25, 12.75, 4.25, 13.5], "texture": "#0"},
				"west": {"uv": [3.25, 12.75, 3.75, 13.5], "texture": "#0"},
				"up": {"uv": [3.25, 13.5, 4.25, 14], "texture": "#0"},
				"down": {"uv": [3.25, 13.5, 4.25, 14], "texture": "#0"}
			}
		},
		{
			"from": [2.95, 8, -4],
			"to": [13.05, 9, 4],
			"rotation": {"angle": 22.5, "axis": "x", "origin": [0, 0, 0]},
			"faces": {
				"north": {"uv": [0.5, 13.75, 3, 14], "texture": "#0"},
				"east": {"uv": [1, 13.75, 3, 14], "texture": "#0"},
				"south": {"uv": [0.5, 13.75, 3, 14], "texture": "#0"},
				"west": {"uv": [1, 13.75, 3, 14], "texture": "#0"},
				"up": {"uv": [0, 14, 2.525, 16], "texture": "#0"},
				"down": {"uv": [0, 14, 2.525, 16], "texture": "#0"}
			}
		},
		{
			"from": [4, 23, 11],
			"to": [6, 26, 13],
			"faces": {
				"north": {"uv": [13, 0.5, 13.5, 1.25], "texture": "#0"},
				"east": {"uv": [13, 0.5, 13.5, 1.25], "texture": "#0"},
				"south": {"uv": [13, 0.5, 13.5, 1.25], "texture": "#0"},
				"west": {"uv": [13, 0.5, 13.5, 1.25], "texture": "#0"},
				"up": {"uv": [13, 0, 13.5, 0.5], "texture": "#0"},
				"down": {"uv": [13, 0, 13.5, 0.5], "texture": "#0"}
			}
		},
		{
			"from": [10, 23, 11],
			"to": [12, 26, 13],
			"faces": {
				"north": {"uv": [13, 0.5, 13.5, 1.25], "texture": "#0"},
				"east": {"uv": [13, 0.5, 13.5, 1.25], "texture": "#0"},
				"south": {"uv": [13, 0.5, 13.5, 1.25], "texture": "#0"},
				"west": {"uv": [13, 0.5, 13.5, 1.25], "texture": "#0"},
				"up": {"uv": [13, 0, 13.5, 0.5], "texture": "#0"},
				"down": {"uv": [13, 0, 13.5, 0.5], "texture": "#0"}
			}
		},
		{
			"from": [7.5, 19.65, 7.9],
			"to": [8.5, 20.65, 8.9],
			"faces": {
				"north": {"uv": [10, 3, 10.375, 3.25], "texture": "#0"},
				"east": {"uv": [10, 3, 10.25, 3.25], "texture": "#0"},
				"south": {"uv": [10, 3, 10.375, 3.25], "texture": "#0"},
				"west": {"uv": [10, 3, 10.25, 3.25], "texture": "#0"},
				"up": {"uv": [10, 3, 10.375, 3.25], "texture": "#0"},
				"down": {"uv": [10, 3, 10.375, 3.25], "texture": "#0"}
			}
		},
		{
			"from": [-4, 13, 0],
			"to": [2, 14, 8],
			"rotation": {"angle": -22.5, "axis": "z", "origin": [0, 0, 0]},
			"faces": {
				"north": {"uv": [12.5, 14.5, 14, 14.75], "texture": "#0"},
				"east": {"uv": [11.75, 12.5, 11.5, 14.5], "rotation": 90, "texture": "#0"},
				"south": {"uv": [10.25, 14.5, 11.75, 14.75], "texture": "#0"},
				"west": {"uv": [10.25, 12.5, 10.5, 14.5], "rotation": 90, "texture": "#0"},
				"up": {"uv": [12.5, 12.5, 14, 14.5], "rotation": 180, "texture": "#0"},
				"down": {"uv": [12.5, 12.5, 14, 14.5], "rotation": 180, "texture": "#0"}
			}
		},
		{
			"from": [12.75, 6.85, 0],
			"to": [18.75, 7.85, 8],
			"rotation": {"angle": 22.5, "axis": "z", "origin": [0, 0, 0]},
			"faces": {
				"north": {"uv": [12.5, 14.5, 14, 14.75], "rotation": 180, "texture": "#0"},
				"east": {"uv": [10.25, 12.5, 10.5, 14.5], "rotation": 270, "texture": "#0"},
				"south": {"uv": [10.25, 14.5, 11.75, 14.75], "rotation": 180, "texture": "#0"},
				"west": {"uv": [11.75, 12.5, 11.5, 14.5], "rotation": 270, "texture": "#0"},
				"up": {"uv": [10.25, 12.5, 11.75, 14.5], "rotation": 180, "texture": "#0"},
				"down": {"uv": [10.25, 12.5, 11.75, 14.5], "rotation": 180, "texture": "#0"}
			}
		},
		{
			"from": [6.5, 11, 0],
			"to": [9.5, 12, 8],
			"faces": {
				"north": {"uv": [11.75, 14.5, 12.5, 14.75], "texture": "#0"},
				"east": {"uv": [10.5, 14.5, 12.5, 14.75], "texture": "#0"},
				"south": {"uv": [11.75, 14.5, 12.5, 14.75], "texture": "#0"},
				"west": {"uv": [10.5, 14.5, 12.5, 14.75], "texture": "#0"},
				"up": {"uv": [11.75, 12.5, 12.5, 14.5], "texture": "#0"},
				"down": {"uv": [11.75, 12.5, 12.5, 14.5], "texture": "#0"}
			}
		},
		{
			"from": [7.7, 11.5, 0.5],
			"to": [13.7, 12.5, 7.5],
			"rotation": {"angle": 22.5, "axis": "z", "origin": [8, 13, 0]},
			"faces": {
				"north": {"uv": [5, 15.75, 6.5, 16], "texture": "#0"},
				"east": {"uv": [5, 15.75, 6.75, 16], "texture": "#0"},
				"south": {"uv": [5, 15.75, 6.5, 16], "texture": "#0"},
				"west": {"uv": [5, 15.75, 6.75, 16], "texture": "#0"},
				"up": {"uv": [5, 14, 6.5, 15.75], "texture": "#0"},
				"down": {"uv": [5, 14, 6.5, 15.75], "texture": "#0"}
			}
		},
		{
			"from": [2.3, 11.5, 0.5],
			"to": [8.3, 12.5, 7.5],
			"rotation": {"angle": -22.5, "axis": "z", "origin": [8, 13, 0]},
			"faces": {
				"north": {"uv": [5, 15.75, 6.5, 16], "rotation": 180, "texture": "#0"},
				"east": {"uv": [5, 15.75, 6.75, 16], "rotation": 180, "texture": "#0"},
				"south": {"uv": [5, 15.75, 6.5, 16], "rotation": 180, "texture": "#0"},
				"west": {"uv": [5, 15.75, 6.75, 16], "rotation": 180, "texture": "#0"},
				"up": {"uv": [5, 14, 6.5, 15.75], "rotation": 180, "texture": "#0"},
				"down": {"uv": [5, 14, 6.5, 15.75], "rotation": 180, "texture": "#0"}
			}
		}
	],
	"display": {
		"thirdperson_righthand": {
			"rotation": [0, -45, 0],
			"translation": [0, 2.5, 0],
			"scale": [0.37, 0.37, 0.37]
		},
		"firstperson_righthand": {
			"rotation": [0, -46, 0],
			"translation": [0, 2.5, 0],
			"scale": [0.4, 0.4, 0.41]
		},
		"ground": {
			"translation": [0, 3, 0],
			"scale": [0.3, 0.3, 0.3]
		},
		"gui": {
			"rotation": [30, 135, 0],
			"translation": [0, -2, 0],
			"scale": [0.6, 0.6, 0.6]
		},
		"fixed": {
			"translation": [0, -3, -5],
			"scale": [0.7, 0.7, 0.7]
		}
	}
}