{
	"credit": "Made with Blockbench",
	"texture_size": [32, 32],
	"textures": {
		"0": "the_vault:item/gear/sword/cutlass",
		"particle": "the_vault:item/gear/sword/cutlass"
	},
	"elements": [
		{
			"from": [7, -3, 7],
			"to": [9, 3, 9],
			"rotation": {"angle": 0, "axis": "y", "origin": [7, -3, 7]},
			"faces": {
				"north": {"uv": [4.5, 11, 5.5, 14], "texture": "#0"},
				"east": {"uv": [3.5, 11, 4.5, 14], "texture": "#0"},
				"south": {"uv": [4.5, 11, 5.5, 14], "texture": "#0"},
				"west": {"uv": [3.5, 11, 4.5, 14], "texture": "#0"},
				"up": {"uv": [3.5, 14, 4.5, 15], "texture": "#0"},
				"down": {"uv": [3.5, 14, 4.5, 15], "texture": "#0"}
			}
		},
		{
			"from": [7, -5, 6],
			"to": [9, -4, 10],
			"rotation": {"angle": 0, "axis": "y", "origin": [7, -5, 6]},
			"faces": {
				"north": {"uv": [5.5, 6, 6.5, 6.5], "texture": "#0"},
				"east": {"uv": [5.5, 7.5, 7.5, 8], "texture": "#0"},
				"south": {"uv": [6.5, 6, 7.5, 6.5], "texture": "#0"},
				"west": {"uv": [5.5, 7.5, 7.5, 8], "texture": "#0"},
				"up": {"uv": [5.5, 6.5, 7.5, 7.5], "rotation": 90, "texture": "#0"},
				"down": {"uv": [5.5, 8, 7.5, 9], "rotation": 270, "texture": "#0"}
			}
		},
		{
			"from": [7, -4, 5],
			"to": [9, -3, 10],
			"rotation": {"angle": 0, "axis": "y", "origin": [7, -4, 5]},
			"faces": {
				"north": {"uv": [5.5, 6, 6.5, 6.5], "texture": "#0"},
				"east": {"uv": [8, 4.5, 5.5, 5], "texture": "#0"},
				"south": {"uv": [6.5, 3, 7.5, 3.5], "texture": "#0"},
				"west": {"uv": [5.5, 4.5, 8, 5], "texture": "#0"},
				"up": {"uv": [5.5, 5, 8, 6], "rotation": 90, "texture": "#0"},
				"down": {"uv": [5.5, 3.5, 8, 4.5], "rotation": 90, "texture": "#0"}
			}
		},
		{
			"from": [7, 3, 5],
			"to": [9, 4, 10],
			"rotation": {"angle": 0, "axis": "y", "origin": [7, 3, 5]},
			"faces": {
				"north": {"uv": [5.5, 3, 6.5, 3.5], "texture": "#0"},
				"east": {"uv": [8, 4.5, 5.5, 5], "texture": "#0"},
				"south": {"uv": [6.5, 3, 7.5, 3.5], "texture": "#0"},
				"west": {"uv": [5.5, 4.5, 8, 5], "texture": "#0"},
				"up": {"uv": [5.5, 3.5, 8, 4.5], "rotation": 90, "texture": "#0"},
				"down": {"uv": [5.5, 5, 8, 6], "rotation": 270, "texture": "#0"}
			}
		},
		{
			"from": [7, -3, 4],
			"to": [9, 3, 5],
			"rotation": {"angle": 0, "axis": "y", "origin": [7, -3, 4]},
			"faces": {
				"north": {"uv": [8, 3.5, 9, 6.5], "texture": "#0"},
				"east": {"uv": [9, 3.5, 9.5, 6.5], "texture": "#0"},
				"south": {"uv": [9.5, 3.5, 10.5, 6.5], "texture": "#0"},
				"west": {"uv": [9, 3.5, 9.5, 6.5], "texture": "#0"},
				"up": {"uv": [8, 3, 9, 3.5], "texture": "#0"},
				"down": {"uv": [9, 3, 10, 3.5], "texture": "#0"}
			}
		},
		{
			"from": [7, 4, 6],
			"to": [9, 5, 12],
			"rotation": {"angle": 0, "axis": "y", "origin": [7, 4, 6]},
			"faces": {
				"north": {"uv": [5.5, 0, 6.5, 0.5], "texture": "#0"},
				"east": {"uv": [8.5, 1.5, 5.5, 2], "texture": "#0"},
				"south": {"uv": [6.5, 0, 7.5, 0.5], "texture": "#0"},
				"west": {"uv": [5.5, 1.5, 8.5, 2], "texture": "#0"},
				"up": {"uv": [5.5, 0.5, 8.5, 1.5], "rotation": 90, "texture": "#0"},
				"down": {"uv": [5.5, 2, 8.5, 3], "rotation": 270, "texture": "#0"}
			}
		},
		{
			"from": [7.5, 5, 7],
			"to": [8.5, 20, 9],
			"rotation": {"angle": 0, "axis": "y", "origin": [7.5, 5, 7]},
			"faces": {
				"north": {"uv": [3.5, 3, 4, 10.5], "texture": "#0"},
				"east": {"uv": [1.5, 3, 0.5, 10.5], "texture": "#0"},
				"south": {"uv": [4.5, 3, 5, 10.5], "texture": "#0"},
				"west": {"uv": [0.5, 3, 1.5, 10.5], "texture": "#0"},
				"up": {"uv": [0.5, 3, 1.5, 3.5], "rotation": 90, "texture": "#0"},
				"down": {"uv": [0.5, 10, 1.5, 10.5], "rotation": 90, "texture": "#0"}
			}
		},
		{
			"from": [7.5, 7, 6],
			"to": [8.5, 18, 9],
			"rotation": {"angle": 0, "axis": "y", "origin": [7.5, 7, 6]},
			"faces": {
				"north": {"uv": [3.5, 4, 4, 9.5], "texture": "#0"},
				"east": {"uv": [1.5, 4, 0, 9.5], "texture": "#0"},
				"south": {"uv": [4.5, 4, 5, 9.5], "texture": "#0"},
				"west": {"uv": [0, 4, 1.5, 9.5], "texture": "#0"},
				"up": {"uv": [0, 4, 1.5, 4.5], "rotation": 90, "texture": "#0"},
				"down": {"uv": [0, 9, 1.5, 9.5], "rotation": 90, "texture": "#0"}
			}
		},
		{
			"from": [7.5, 14, 8],
			"to": [8.5, 22, 10],
			"rotation": {"angle": 0, "axis": "y", "origin": [7.5, 14, 8]},
			"faces": {
				"north": {"uv": [3.5, 2, 4, 6], "texture": "#0"},
				"east": {"uv": [2, 2, 1, 6], "texture": "#0"},
				"south": {"uv": [4.5, 2, 5, 6], "texture": "#0"},
				"west": {"uv": [1, 2, 2, 6], "texture": "#0"},
				"up": {"uv": [1, 2, 2, 2.5], "rotation": 90, "texture": "#0"},
				"down": {"uv": [1, 5.5, 2, 6], "rotation": 270, "texture": "#0"}
			}
		},
		{
			"from": [7.5, 16, 9],
			"to": [8.5, 23, 11],
			"rotation": {"angle": 0, "axis": "y", "origin": [7.5, 16, 9]},
			"faces": {
				"north": {"uv": [3.5, 1.5, 4, 5], "texture": "#0"},
				"east": {"uv": [2.5, 1.5, 1.5, 5], "texture": "#0"},
				"south": {"uv": [4.5, 1.5, 5, 5], "texture": "#0"},
				"west": {"uv": [1.5, 1.5, 2.5, 5], "texture": "#0"},
				"up": {"uv": [1.5, 1.5, 2.5, 2], "rotation": 90, "texture": "#0"},
				"down": {"uv": [1.5, 4.5, 2.5, 5], "rotation": 270, "texture": "#0"}
			}
		},
		{
			"from": [7.5, 18, 10],
			"to": [8.5, 24, 12],
			"rotation": {"angle": 0, "axis": "y", "origin": [7.5, 18, 10]},
			"faces": {
				"north": {"uv": [3.5, 1, 4, 4], "texture": "#0"},
				"east": {"uv": [3, 1, 2, 4], "texture": "#0"},
				"south": {"uv": [4.5, 1, 5, 4], "texture": "#0"},
				"west": {"uv": [2, 1, 3, 4], "texture": "#0"},
				"up": {"uv": [2, 1, 3, 1.5], "rotation": 90, "texture": "#0"},
				"down": {"uv": [2, 3.5, 3, 4], "rotation": 270, "texture": "#0"}
			}
		},
		{
			"from": [7.5, 18, 10],
			"to": [8.5, 24, 12],
			"rotation": {"angle": 0, "axis": "y", "origin": [7.5, 18, 10]},
			"faces": {
				"north": {"uv": [3.5, 0.5, 4, 3.5], "texture": "#0"},
				"east": {"uv": [3.5, 0.5, 2.5, 3.5], "texture": "#0"},
				"south": {"uv": [4.5, 0.5, 5, 3.5], "texture": "#0"},
				"west": {"uv": [2.5, 0.5, 3.5, 3.5], "texture": "#0"},
				"up": {"uv": [2.5, 0.5, 3.5, 1], "rotation": 90, "texture": "#0"},
				"down": {"uv": [2.5, 3, 3.5, 3.5], "rotation": 270, "texture": "#0"}
			}
		},
		{
			"from": [7.5, 24, 11],
			"to": [8.5, 25, 12],
			"rotation": {"angle": 0, "axis": "y", "origin": [7.5, 24, 11]},
			"faces": {
				"north": {"uv": [3.5, 0, 4, 0.5], "texture": "#0"},
				"east": {"uv": [3, 0, 3.5, 0.5], "texture": "#0"},
				"south": {"uv": [4.5, 0, 5, 0.5], "texture": "#0"},
				"west": {"uv": [3, 0, 3.5, 0.5], "texture": "#0"},
				"up": {"uv": [3, 0, 3.5, 0.5], "texture": "#0"},
				"down": {"uv": [3, 0, 3.5, 0.5], "texture": "#0"}
			}
		}
	],
	"display": {
		"thirdperson_righthand": {
			"translation": [0, 6, 1.5]
		},
		"thirdperson_lefthand": {
			"translation": [0, 6, 1.5]
		},
		"firstperson_righthand": {
			"rotation": [16, 0, 0],
			"translation": [0, 1.75, 0],
			"scale": [0.5, 0.5, 0.5]
		},
		"firstperson_lefthand": {
			"rotation": [16, 0, 0],
			"translation": [0, 1.75, 0],
			"scale": [0.5, 0.5, 0.5]
		},
		"ground": {
			"translation": [0, 3, 0],
			"scale": [0.4, 0.4, 0.4]
		},
		"gui": {
			"rotation": [90, 45, -90],
			"translation": [-1, 0, 0],
			"scale": [0.75, 0.75, 0.75]
		},
		"fixed": {
			"rotation": [90, -45, 90],
			"translation": [1, 0, 0],
			"scale": [0.75, 0.75, 0.75]
		}
	}
}