{
	"credit": "Made with Blockbench",
	"textures": {
		"0": "the_vault:item/gear/sword/soul_sword_green",
		"particle": "the_vault:item/gear/sword/soul_sword_green"
	},
	"elements": [
		{
			"from": [7.5, 10.12, 5.12],
			"to": [8.5, 24.12, 8.12],
			"rotation": {"angle": 0, "axis": "y", "origin": [7.5, 10.12, 5.12]},
			"faces": {
				"north": {"uv": [3, 0, 4, 14], "texture": "#0"},
				"east": {"uv": [3, 0, 0, 14], "texture": "#0"},
				"south": {"uv": [4, 0, 5, 14], "texture": "#0"},
				"west": {"uv": [0, 0, 3, 14], "texture": "#0"},
				"up": {"uv": [0, 14, 3, 15], "rotation": 90, "texture": "#0"},
				"down": {"uv": [0, 14, 3, 15], "rotation": 90, "texture": "#0"}
			}
		},
		{
			"from": [7.52, 24.12, 7.12],
			"to": [8.48, 25.12, 8.12],
			"rotation": {"angle": 0, "axis": "y", "origin": [7.5, 24.12, 7.12]},
			"faces": {
				"north": {"uv": [3, 14, 4, 15], "texture": "#0"},
				"east": {"uv": [3, 14, 4, 15], "texture": "#0"},
				"south": {"uv": [3, 14, 4, 15], "texture": "#0"},
				"west": {"uv": [3, 14, 4, 15], "texture": "#0"},
				"up": {"uv": [3, 14, 4, 15], "texture": "#0"},
				"down": {"uv": [3, 14, 4, 15], "texture": "#0"}
			}
		},
		{
			"from": [7.51, 24.12, 4.62],
			"to": [8.49, 29.12, 6.62],
			"rotation": {"angle": 45, "axis": "x", "origin": [7.5, 24.12, 4.62]},
			"faces": {
				"north": {"uv": [8, 6, 9, 11], "texture": "#0"},
				"east": {"uv": [7, 6, 5, 11], "texture": "#0"},
				"south": {"uv": [9, 6, 10, 11], "texture": "#0"},
				"west": {"uv": [5, 6, 7, 11], "texture": "#0"},
				"up": {"uv": [5, 11, 7, 12], "rotation": 90, "texture": "#0"},
				"down": {"uv": [5, 9, 6, 11], "texture": "#0"}
			}
		},
		{
			"from": [7.51, 8, 4.25],
			"to": [8.49, 13, 8.25],
			"rotation": {"angle": 45, "axis": "x", "origin": [7.5, 8, 7.25]},
			"faces": {
				"north": {"uv": [5, 4, 10, 5], "rotation": 270, "texture": "#0"},
				"east": {"uv": [10, 0, 5, 4], "rotation": 90, "texture": "#0"},
				"south": {"uv": [5, 4, 10, 5], "rotation": 270, "texture": "#0"},
				"west": {"uv": [5, 0, 10, 4], "rotation": 270, "texture": "#0"},
				"up": {"uv": [10, 0, 11, 4], "texture": "#0"},
				"down": {"uv": [10, 0, 11, 4], "rotation": 180, "texture": "#0"}
			}
		},
		{
			"from": [7.48, 16.75, 7],
			"to": [8.52, 18.75, 9],
			"rotation": {"angle": 45, "axis": "x", "origin": [7.5, 16.75, 7]},
			"faces": {
				"north": {"uv": [15, 12, 16, 14], "texture": "#0"},
				"east": {"uv": [13, 12, 15, 14], "rotation": 90, "texture": "#0"},
				"south": {"uv": [15, 12, 16, 14], "texture": "#0"},
				"west": {"uv": [13, 12, 15, 14], "texture": "#0"},
				"up": {"uv": [15, 12, 16, 14], "texture": "#0"},
				"down": {"uv": [15, 12, 16, 14], "texture": "#0"}
			}
		},
		{
			"from": [7, 6, 4],
			"to": [9, 10, 8],
			"rotation": {"angle": 45, "axis": "x", "origin": [7, 6, 8]},
			"faces": {
				"north": {"uv": [9, 12, 11, 16], "rotation": 180, "texture": "#0"},
				"east": {"uv": [5, 12, 9, 16], "rotation": 90, "texture": "#0"},
				"south": {"uv": [11, 12, 13, 16], "texture": "#0"},
				"west": {"uv": [5, 12, 9, 16], "texture": "#0"},
				"up": {"uv": [9, 12, 11, 16], "texture": "#0"},
				"down": {"uv": [11, 12, 13, 16], "rotation": 180, "texture": "#0"}
			}
		},
		{
			"from": [7, 4, 11],
			"to": [9, 6, 12],
			"rotation": {"angle": -45, "axis": "x", "origin": [7, 6, 8]},
			"faces": {
				"north": {"uv": [13, 14, 15, 16], "rotation": 180, "texture": "#0"},
				"east": {"uv": [15, 14, 16, 16], "rotation": 180, "texture": "#0"},
				"south": {"uv": [13, 16, 15, 14], "rotation": 180, "texture": "#0"},
				"west": {"uv": [15, 14, 16, 16], "rotation": 180, "texture": "#0"},
				"up": {"uv": [15, 14, 16, 16], "rotation": 90, "texture": "#0"},
				"down": {"uv": [15, 14, 16, 16], "rotation": 90, "texture": "#0"}
			}
		},
		{
			"from": [7.49, 10, 8],
			"to": [8.51, 16, 9],
			"rotation": {"angle": 0, "axis": "y", "origin": [7.5, 10, 8]},
			"faces": {
				"north": {"uv": [15, 6, 16, 12], "texture": "#0"},
				"east": {"uv": [15, 6, 16, 12], "texture": "#0"},
				"south": {"uv": [15, 6, 16, 12], "texture": "#0"},
				"west": {"uv": [15, 6, 16, 12], "texture": "#0"},
				"up": {"uv": [15, 6, 16, 7], "texture": "#0"},
				"down": {"uv": [15, 6, 16, 7], "texture": "#0"}
			}
		},
		{
			"from": [7.5, 4, 7.5],
			"to": [8.5, 8, 8.5],
			"rotation": {"angle": 0, "axis": "y", "origin": [0, 0, 16]},
			"faces": {
				"north": {"uv": [14, 8, 15, 12], "texture": "#0"},
				"east": {"uv": [14, 8, 15, 12], "texture": "#0"},
				"south": {"uv": [14, 8, 15, 12], "texture": "#0"},
				"west": {"uv": [14, 8, 15, 12], "texture": "#0"},
				"up": {"uv": [15, 9, 14, 8], "texture": "#0"},
				"down": {"uv": [15, 8, 14, 9], "texture": "#0"}
			}
		},
		{
			"from": [7, 0, 7],
			"to": [9, 4, 9],
			"rotation": {"angle": 0, "axis": "y", "origin": [0, 0, 16]},
			"faces": {
				"north": {"uv": [10, 8, 12, 12], "texture": "#0"},
				"east": {"uv": [10, 8, 12, 12], "texture": "#0"},
				"south": {"uv": [10, 8, 12, 12], "texture": "#0"},
				"west": {"uv": [10, 8, 12, 12], "texture": "#0"},
				"up": {"uv": [14, 10, 12, 8], "texture": "#0"},
				"down": {"uv": [14, 10, 12, 12], "texture": "#0"}
			}
		}
	],
	"display": {
		"thirdperson_righthand": {
			"translation": [0, 2.25, 0.75]
		},
		"thirdperson_lefthand": {
			"translation": [0, 2.25, 0.75]
		},
		"firstperson_righthand": {
			"rotation": [16, 0, 0],
			"translation": [0, 1.25, 0],
			"scale": [0.55, 0.55, 0.55]
		},
		"firstperson_lefthand": {
			"rotation": [16, 0, 0],
			"translation": [0, 1.25, 0],
			"scale": [0.55, 0.55, 0.55]
		},
		"ground": {
			"scale": [0.4, 0.4, 0.4]
		},
		"gui": {
			"rotation": [90, 45, -90],
			"translation": [-3, -3, 0],
			"scale": [0.71, 0.71, 0.71]
		},
		"fixed": {
			"rotation": [90, -45, 90],
			"translation": [3.25, -3, 0],
			"scale": [0.78, 0.78, 0.78]
		}
	}
}