{
	"credit": "Made with Blockbench",
	"texture_size": [64, 64],
	"textures": {
		"0": "the_vault:block/vendor_door/vendor",
		"particle": "the_vault:block/vendor_door/vendor"
	},
	"elements": [
		{
			"from": [0, 0, 13],
			"to": [16, 16, 16],
			"faces": {
				"north": {"uv": [0, 0, 4, 4], "texture": "#0"},
				"east": {"uv": [4, 0, 4.75, 4], "texture": "#0"},
				"south": {"uv": [4.75, 0, 8.75, 4], "texture": "#0"},
				"west": {"uv": [4, 0, 4.75, 4], "texture": "#0"},
				"up": {"uv": [0, 8, 4, 8.75], "texture": "#0"},
				"down": {"uv": [0, 8, 4, 8.75], "texture": "#0"}
			}
		}
	],
	"display": {
		"thirdperson_righthand": {
			"rotation": [75, 45, 0],
			"translation": [0, 2.5, 0],
			"scale": [0.375, 0.375, 0.375]
		},
		"thirdperson_lefthand": {
			"rotation": [75, 45, 0],
			"translation": [0, 2.5, 0],
			"scale": [0.375, 0.375, 0.375]
		},
		"firstperson_righthand": {
			"rotation": [0, 135, 0],
			"scale": [0.4, 0.4, 0.4]
		},
		"firstperson_lefthand": {
			"rotation": [0, 135, 0],
			"scale": [0.4, 0.4, 0.4]
		},
		"ground": {
			"translation": [0, 3, -1],
			"scale": [0.25, 0.25, 0.25]
		},
		"gui": {
			"rotation": [0, 180, 0],
			"translation": [0.25, -0.25, 0],
			"scale": [0.625, 0.625, 0.625]
		},
		"fixed": {
			"translation": [0, 0, -2.5],
			"scale": [0.5, 0.5, 0.5]
		}
	}
}