{
	"credit": "Made with Blockbench",
	"texture_size": [32, 32],
	"textures": {
		"0": "the_vault:block/herald_trophy/platinum",
		"particle": "the_vault:block/herald_trophy/platinum"
	},
	"elements": [
		{
			"from": [4, 0, 4],
			"to": [12, 4, 12],
			"rotation": {"angle": 0, "axis": "y", "origin": [4, 0, 4]},
			"faces": {
				"north": {"uv": [0, 4, 4, 6], "texture": "#0"},
				"east": {"uv": [0, 4, 4, 6], "texture": "#0"},
				"south": {"uv": [0, 4, 4, 6], "texture": "#0"},
				"west": {"uv": [0, 4, 4, 6], "texture": "#0"},
				"up": {"uv": [0, 0, 4, 4], "texture": "#0"},
				"down": {"uv": [0, 6, 4, 10], "texture": "#0"}
			}
		},
		{
			"from": [8, 3, 5],
			"to": [11, 15, 6],
			"rotation": {"angle": 22.5, "axis": "z", "origin": [11, 4, 5]},
			"faces": {
				"north": {"uv": [4, 0, 5.5, 6], "texture": "#0"},
				"east": {"uv": [5.5, 0, 6, 6], "texture": "#0"},
				"south": {"uv": [6, 0, 7.5, 6], "texture": "#0"},
				"west": {"uv": [5.5, 0, 6, 6], "texture": "#0"},
				"up": {"uv": [4, 6, 5.5, 6.5], "texture": "#0"},
				"down": {"uv": [4, 6.5, 5.5, 7], "texture": "#0"}
			}
		},
		{
			"from": [5, 3, 5],
			"to": [6, 15, 8],
			"rotation": {"angle": 22.5, "axis": "x", "origin": [5, 4, 5]},
			"faces": {
				"north": {"uv": [5.5, 0, 6, 6], "texture": "#0"},
				"east": {"uv": [6, 0, 7.5, 6], "texture": "#0"},
				"south": {"uv": [5.5, 0, 6, 6], "texture": "#0"},
				"west": {"uv": [4, 0, 5.5, 6], "texture": "#0"},
				"up": {"uv": [4, 6, 5.5, 6.5], "rotation": 270, "texture": "#0"},
				"down": {"uv": [4, 6.5, 5.5, 7], "rotation": 90, "texture": "#0"}
			}
		},
		{
			"from": [5, 3, 10],
			"to": [8, 15, 11],
			"rotation": {"angle": -22.5, "axis": "z", "origin": [5, 4, 11]},
			"faces": {
				"north": {"uv": [6, 0, 7.5, 6], "texture": "#0"},
				"east": {"uv": [5.5, 0, 6, 6], "texture": "#0"},
				"south": {"uv": [4, 0, 5.5, 6], "texture": "#0"},
				"west": {"uv": [5.5, 0, 6, 6], "texture": "#0"},
				"up": {"uv": [4, 6, 5.5, 6.5], "rotation": 180, "texture": "#0"},
				"down": {"uv": [4, 6.5, 5.5, 7], "rotation": 180, "texture": "#0"}
			}
		},
		{
			"from": [10, 3, 8],
			"to": [11, 15, 11],
			"rotation": {"angle": -22.5, "axis": "x", "origin": [11, 4, 11]},
			"faces": {
				"north": {"uv": [5.5, 0, 6, 6], "texture": "#0"},
				"east": {"uv": [4, 0, 5.5, 6], "texture": "#0"},
				"south": {"uv": [5.5, 0, 6, 6], "texture": "#0"},
				"west": {"uv": [6, 0, 7.5, 6], "texture": "#0"},
				"up": {"uv": [4, 6, 5.5, 6.5], "rotation": 90, "texture": "#0"},
				"down": {"uv": [4, 6.5, 5.5, 7], "rotation": 270, "texture": "#0"}
			}
		},
		{
			"from": [6.5, 10, 6.5],
			"to": [9.5, 16, 9.5],
			"rotation": {"angle": 0, "axis": "y", "origin": [6.5, 10, 6.5]},
			"faces": {
				"north": {"uv": [7.5, 1.5, 9, 4.5], "texture": "#0"},
				"east": {"uv": [7.5, 1.5, 9, 4.5], "texture": "#0"},
				"south": {"uv": [7.5, 1.5, 9, 4.5], "texture": "#0"},
				"west": {"uv": [7.5, 1.5, 9, 4.5], "texture": "#0"},
				"up": {"uv": [7.5, 0, 9, 1.5], "texture": "#0"},
				"down": {"uv": [7.5, 4.5, 9, 6], "texture": "#0"}
			}
		}
	],
	"display": {
		"thirdperson_righthand": {
			"rotation": [75, 45, 0],
			"translation": [0, 2.5, 0],
			"scale": [0.375, 0.375, 0.375]
		},
		"thirdperson_lefthand": {
			"rotation": [75, 45, 0],
			"translation": [0, 2.5, 0],
			"scale": [0.375, 0.375, 0.375]
		},
		"firstperson_righthand": {
			"rotation": [0, 45, 0],
			"scale": [0.4, 0.4, 0.4]
		},
		"firstperson_lefthand": {
			"rotation": [0, 225, 0],
			"scale": [0.4, 0.4, 0.4]
		},
		"ground": {
			"translation": [0, 3, 0],
			"scale": [0.25, 0.25, 0.25]
		},
		"gui": {
			"rotation": [30, 225, 0],
			"scale": [0.625, 0.625, 0.625]
		},
		"fixed": {
			"scale": [0.5, 0.5, 0.5]
		}
	}
}