{
	"credit": "Made with Blockbench",
	"texture_size": [32, 32],
	"textures": {
		"0": "the_vault:item/gear/axe/butchers_bone_cleaver",
		"particle": "the_vault:item/gear/axe/butchers_bone_cleaver"
	},
	"elements": [
		{
			"from": [8, 12, 0],
			"to": [8, 27, 15],
			"rotation": {"angle": 0, "axis": "y", "origin": [8, 12, 0]},
			"faces": {
				"north": {"uv": [0, 0, 0, 7.5], "texture": "#0"},
				"east": {"uv": [7.5, 0, 0, 7.5], "texture": "#0"},
				"south": {"uv": [0, 0, 0, 7.5], "texture": "#0"},
				"west": {"uv": [0, 0, 7.5, 7.5], "texture": "#0"},
				"up": {"uv": [0, 0, 0, 7.5], "texture": "#0"},
				"down": {"uv": [0, 0, 0, 7.5], "texture": "#0"}
			}
		},
		{
			"from": [7, 1, 10],
			"to": [9, 28, 12],
			"rotation": {"angle": 0, "axis": "y", "origin": [7, 1, 10]},
			"faces": {
				"north": {"uv": [7.5, 0, 8.5, 13.5], "texture": "#0"},
				"east": {"uv": [8.5, 0, 9.5, 13.5], "texture": "#0"},
				"south": {"uv": [7.5, 0, 8.5, 13.5], "texture": "#0"},
				"west": {"uv": [8.5, 0, 9.5, 13.5], "texture": "#0"},
				"up": {"uv": [7.5, 13.5, 8.5, 14.5], "texture": "#0"},
				"down": {"uv": [7.5, 13.5, 8.5, 14.5], "texture": "#0"}
			}
		},
		{
			"from": [6.5, 0, 9.5],
			"to": [9.5, 1, 12.5],
			"rotation": {"angle": 0, "axis": "y", "origin": [6.5, 0, 9.5]},
			"faces": {
				"north": {"uv": [0, 11.5, 1.5, 12], "texture": "#0"},
				"east": {"uv": [0, 11.5, 1.5, 12], "texture": "#0"},
				"south": {"uv": [0, 11.5, 1.5, 12], "texture": "#0"},
				"west": {"uv": [0, 11.5, 1.5, 12], "texture": "#0"},
				"up": {"uv": [0, 10, 1.5, 11.5], "texture": "#0"},
				"down": {"uv": [0, 10, 1.5, 11.5], "texture": "#0"}
			}
		},
		{
			"from": [6.5, 10, 9.5],
			"to": [9.5, 11, 12.5],
			"rotation": {"angle": 0, "axis": "y", "origin": [6.5, 10, 9.5]},
			"faces": {
				"north": {"uv": [0, 11.5, 1.5, 12], "texture": "#0"},
				"east": {"uv": [0, 11.5, 1.5, 12], "texture": "#0"},
				"south": {"uv": [0, 11.5, 1.5, 12], "texture": "#0"},
				"west": {"uv": [0, 11.5, 1.5, 12], "texture": "#0"},
				"up": {"uv": [0, 10, 1.5, 11.5], "texture": "#0"},
				"down": {"uv": [0, 10, 1.5, 11.5], "texture": "#0"}
			}
		},
		{
			"from": [6.5, 12.5, 9.5],
			"to": [9.5, 14.5, 12.5],
			"rotation": {"angle": 0, "axis": "y", "origin": [6.5, 12.5, 9.5]},
			"faces": {
				"north": {"uv": [0, 9, 1.5, 10], "texture": "#0"},
				"east": {"uv": [0, 9, 1.5, 10], "texture": "#0"},
				"south": {"uv": [0, 9, 1.5, 10], "texture": "#0"},
				"west": {"uv": [0, 9, 1.5, 10], "texture": "#0"},
				"up": {"uv": [0, 7.5, 1.5, 9], "texture": "#0"},
				"down": {"uv": [0, 7.5, 1.5, 9], "texture": "#0"}
			}
		},
		{
			"from": [6.5, 15.5, 9.5],
			"to": [9.5, 17.5, 12.5],
			"rotation": {"angle": 0, "axis": "y", "origin": [6.5, 15.5, 9.5]},
			"faces": {
				"north": {"uv": [0, 9, 1.5, 10], "texture": "#0"},
				"east": {"uv": [0, 9, 1.5, 10], "texture": "#0"},
				"south": {"uv": [0, 9, 1.5, 10], "texture": "#0"},
				"west": {"uv": [0, 9, 1.5, 10], "texture": "#0"},
				"up": {"uv": [0, 7.5, 1.5, 9], "texture": "#0"},
				"down": {"uv": [0, 7.5, 1.5, 9], "texture": "#0"}
			}
		},
		{
			"from": [6.5, 18.5, 9.5],
			"to": [9.5, 20.5, 12.5],
			"rotation": {"angle": 0, "axis": "y", "origin": [6.5, 18.5, 9.5]},
			"faces": {
				"north": {"uv": [0, 9, 1.5, 10], "texture": "#0"},
				"east": {"uv": [0, 9, 1.5, 10], "texture": "#0"},
				"south": {"uv": [0, 9, 1.5, 10], "texture": "#0"},
				"west": {"uv": [0, 9, 1.5, 10], "texture": "#0"},
				"up": {"uv": [0, 7.5, 1.5, 9], "texture": "#0"},
				"down": {"uv": [0, 7.5, 1.5, 9], "texture": "#0"}
			}
		},
		{
			"from": [6.5, 21.5, 9.5],
			"to": [9.5, 23.5, 12.5],
			"rotation": {"angle": 0, "axis": "y", "origin": [6.5, 21.5, 9.5]},
			"faces": {
				"north": {"uv": [0, 9, 1.5, 10], "texture": "#0"},
				"east": {"uv": [0, 9, 1.5, 10], "texture": "#0"},
				"south": {"uv": [0, 9, 1.5, 10], "texture": "#0"},
				"west": {"uv": [0, 9, 1.5, 10], "texture": "#0"},
				"up": {"uv": [0, 7.5, 1.5, 9], "texture": "#0"},
				"down": {"uv": [0, 7.5, 1.5, 9], "texture": "#0"}
			}
		},
		{
			"from": [6.5, 24.5, 9.5],
			"to": [9.5, 26.5, 12.5],
			"rotation": {"angle": 0, "axis": "y", "origin": [6.5, 24.5, 9.5]},
			"faces": {
				"north": {"uv": [0, 9, 1.5, 10], "texture": "#0"},
				"east": {"uv": [0, 9, 1.5, 10], "texture": "#0"},
				"south": {"uv": [0, 9, 1.5, 10], "texture": "#0"},
				"west": {"uv": [0, 9, 1.5, 10], "texture": "#0"},
				"up": {"uv": [0, 7.5, 1.5, 9], "texture": "#0"},
				"down": {"uv": [0, 7.5, 1.5, 9], "texture": "#0"}
			}
		},
		{
			"from": [6.5, 28, 9.5],
			"to": [9.5, 31, 12.5],
			"rotation": {"angle": 0, "axis": "y", "origin": [6.5, 28, 9.5]},
			"faces": {
				"north": {"uv": [1.5, 7.5, 3, 9], "texture": "#0"},
				"east": {"uv": [3, 7.5, 4.5, 9], "texture": "#0"},
				"south": {"uv": [1.5, 7.5, 3, 9], "texture": "#0"},
				"west": {"uv": [3, 7.5, 4.5, 9], "texture": "#0"},
				"up": {"uv": [3, 9, 4.5, 10.5], "texture": "#0"},
				"down": {"uv": [3, 9, 4.5, 10.5], "texture": "#0"}
			}
		},
		{
			"from": [6.5, 28, 7.5],
			"to": [9.5, 30, 9.5],
			"rotation": {"angle": 0, "axis": "y", "origin": [6.5, 28, 7.5]},
			"faces": {
				"north": {"uv": [3, 11.5, 4.5, 12.5], "texture": "#0"},
				"east": {"uv": [2, 10.5, 3, 11.5], "texture": "#0"},
				"south": {"uv": [3, 11.5, 4.5, 12.5], "texture": "#0"},
				"west": {"uv": [2, 10.5, 3, 11.5], "texture": "#0"},
				"up": {"uv": [3, 10.5, 4.5, 11.5], "texture": "#0"},
				"down": {"uv": [3, 10.5, 4.5, 11.5], "texture": "#0"}
			}
		},
		{
			"from": [6.5, 29, 12.5],
			"to": [7.5, 31, 14.5],
			"rotation": {"angle": 0, "axis": "y", "origin": [6.5, 29, 12.5]},
			"faces": {
				"north": {"uv": [0, 12, 1, 12.5], "rotation": 90, "texture": "#0"},
				"east": {"uv": [1, 12, 2, 13], "texture": "#0"},
				"south": {"uv": [0, 12, 1, 12.5], "rotation": 90, "texture": "#0"},
				"west": {"uv": [1, 12, 2, 13], "texture": "#0"},
				"up": {"uv": [1, 13, 2, 13.5], "rotation": 90, "texture": "#0"},
				"down": {"uv": [1, 13, 2, 13.5], "rotation": 90, "texture": "#0"}
			}
		},
		{
			"from": [8.5, 29, 12.5],
			"to": [9.5, 31, 14.5],
			"rotation": {"angle": 0, "axis": "y", "origin": [8.5, 29, 12.5]},
			"faces": {
				"north": {"uv": [0, 12, 1, 12.5], "rotation": 90, "texture": "#0"},
				"east": {"uv": [1, 12, 2, 13], "texture": "#0"},
				"south": {"uv": [0, 12, 1, 12.5], "rotation": 90, "texture": "#0"},
				"west": {"uv": [1, 12, 2, 13], "texture": "#0"},
				"up": {"uv": [1, 13, 2, 13.5], "rotation": 90, "texture": "#0"},
				"down": {"uv": [1, 13, 2, 13.5], "rotation": 90, "texture": "#0"}
			}
		}
	],
	"display": {
		"thirdperson_righthand": {
			"translation": [0, 0, -1],
			"scale": [0.8, 0.8, 0.8]
		},
		"thirdperson_lefthand": {
			"translation": [0, 0, -1],
			"scale": [0.8, 0.8, 0.8]
		},
		"firstperson_righthand": {
			"rotation": [16, 0, 0],
			"translation": [0, 0.75, 0],
			"scale": [0.4, 0.4, 0.4]
		},
		"firstperson_lefthand": {
			"rotation": [16, 0, 0],
			"translation": [0, 0.75, 0],
			"scale": [0.4, 0.4, 0.4]
		},
		"ground": {
			"rotation": [42.24, 5.36, 13.87],
			"scale": [0.33, 0.33, 0.33]
		},
		"gui": {
			"rotation": [90, 45, -90],
			"translation": [-3.25, -2.25, 0],
			"scale": [0.5, 0.5, 0.5]
		},
		"head": {
			"rotation": [-90, -45, 90],
			"translation": [0, 17, 0]
		},
		"fixed": {
			"rotation": [90, 45, -90],
			"translation": [-4.75, -3, 0.25],
			"scale": [0.6, 0.6, 0.6]
		}
	}
}