{
	"credit": "Made with Blockbench",
	"texture_size": [32, 32],
	"textures": {
		"0": "the_vault:item/gear/axe/crystal_crusher",
		"particle": "the_vault:item/gear/axe/crystal_crusher"
	},
	"elements": [
		{
			"from": [7, 0, 7],
			"to": [9, 5, 9],
			"rotation": {"angle": 0, "axis": "y", "origin": [7, 0, 7]},
			"faces": {
				"north": {"uv": [0, 7, 1, 9.5], "texture": "#0"},
				"east": {"uv": [0, 7, 1, 9.5], "texture": "#0"},
				"south": {"uv": [0, 7, 1, 9.5], "texture": "#0"},
				"west": {"uv": [0, 7, 1, 9.5], "texture": "#0"},
				"up": {"uv": [1, 7, 2, 8], "texture": "#0"},
				"down": {"uv": [1, 7, 2, 8], "texture": "#0"}
			}
		},
		{
			"from": [6.5, 5, 6.5],
			"to": [9.5, 9, 9.5],
			"rotation": {"angle": 0, "axis": "y", "origin": [6.5, 5, 6.5]},
			"faces": {
				"north": {"uv": [0, 5, 1.5, 7], "texture": "#0"},
				"east": {"uv": [0, 5, 1.5, 7], "texture": "#0"},
				"south": {"uv": [0, 5, 1.5, 7], "texture": "#0"},
				"west": {"uv": [0, 5, 1.5, 7], "texture": "#0"},
				"up": {"uv": [1.5, 5, 3, 6.5], "texture": "#0"},
				"down": {"uv": [1.5, 5, 3, 6.5], "texture": "#0"}
			}
		},
		{
			"from": [6.5, 19, 6.5],
			"to": [9.5, 20, 9.5],
			"rotation": {"angle": 0, "axis": "y", "origin": [6.5, 19, 6.5]},
			"faces": {
				"north": {"uv": [0, 5, 1.5, 5.5], "texture": "#0"},
				"east": {"uv": [0, 5, 1.5, 5.5], "texture": "#0"},
				"south": {"uv": [0, 5, 1.5, 5.5], "texture": "#0"},
				"west": {"uv": [0, 5, 1.5, 5.5], "texture": "#0"},
				"up": {"uv": [1.5, 5, 3, 6.5], "texture": "#0"},
				"down": {"uv": [1.5, 5, 3, 6.5], "texture": "#0"}
			}
		},
		{
			"from": [6, 8.99, 6],
			"to": [10, 19.01, 10],
			"rotation": {"angle": 0, "axis": "y", "origin": [6, 9, 6]},
			"faces": {
				"north": {"uv": [0, 0, 2, 5.01], "texture": "#0"},
				"east": {"uv": [0, 0, 2, 5.01], "texture": "#0"},
				"south": {"uv": [0, 0, 2, 5.01], "texture": "#0"},
				"west": {"uv": [0, 0, 2, 5.01], "texture": "#0"},
				"up": {"uv": [2, 0, 4, 2], "texture": "#0"},
				"down": {"uv": [2, 2, 4, 4], "texture": "#0"}
			}
		},
		{
			"from": [10, 9, 7],
			"to": [11, 11, 9],
			"rotation": {"angle": 45, "axis": "y", "origin": [8, 10, 8]},
			"faces": {
				"north": {"uv": [8.5, 1.5, 9, 2.5], "texture": "#0"},
				"east": {"uv": [8.5, 1.5, 9.5, 2.5], "texture": "#0"},
				"south": {"uv": [8.5, 1.5, 9, 2.5], "texture": "#0"},
				"west": {"uv": [8.5, 1.5, 9.5, 2.5], "texture": "#0"},
				"up": {"uv": [8.5, 0, 9, 1], "texture": "#0"},
				"down": {"uv": [8.5, 2.5, 9, 3.5], "texture": "#0"}
			}
		},
		{
			"from": [8, 10, 4],
			"to": [10, 12, 6],
			"rotation": {"angle": 45, "axis": "y", "origin": [9, 11, 9]},
			"faces": {
				"north": {"uv": [7, 1.5, 8, 2.5], "texture": "#0"},
				"east": {"uv": [7, 1.5, 8, 2.5], "texture": "#0"},
				"south": {"uv": [7, 1.5, 8, 2.5], "texture": "#0"},
				"west": {"uv": [7, 1.5, 8, 2.5], "texture": "#0"},
				"up": {"uv": [7, 0, 8, 1], "rotation": 270, "texture": "#0"},
				"down": {"uv": [7, 2.5, 8, 3.5], "rotation": 90, "texture": "#0"}
			}
		},
		{
			"from": [7, 10, 10],
			"to": [9, 12, 12],
			"rotation": {"angle": 45, "axis": "y", "origin": [8, 11, 8]},
			"faces": {
				"north": {"uv": [7, 1.5, 8, 2.5], "texture": "#0"},
				"east": {"uv": [7, 1.5, 8, 2.5], "texture": "#0"},
				"south": {"uv": [7, 1.5, 8, 2.5], "texture": "#0"},
				"west": {"uv": [7, 1.5, 8, 2.5], "texture": "#0"},
				"up": {"uv": [7, 0, 8, 1], "rotation": 90, "texture": "#0"},
				"down": {"uv": [7, 2.5, 8, 3.5], "rotation": 270, "texture": "#0"}
			}
		},
		{
			"from": [8, 15, 4],
			"to": [10, 17, 6],
			"rotation": {"angle": 45, "axis": "y", "origin": [9, 16, 9]},
			"faces": {
				"north": {"uv": [4, 1.5, 5, 2.5], "texture": "#0"},
				"east": {"uv": [4, 1.5, 5, 2.5], "texture": "#0"},
				"south": {"uv": [4, 1.5, 5, 2.5], "texture": "#0"},
				"west": {"uv": [4, 1.5, 5, 2.5], "texture": "#0"},
				"up": {"uv": [4, 0, 5, 1], "rotation": 270, "texture": "#0"},
				"down": {"uv": [4, 2.5, 5, 3.5], "rotation": 90, "texture": "#0"}
			}
		},
		{
			"from": [8, 17, 10],
			"to": [10, 19, 12],
			"rotation": {"angle": -45, "axis": "y", "origin": [9, 18, 8]},
			"faces": {
				"north": {"uv": [7, 1.5, 8, 2.5], "texture": "#0"},
				"east": {"uv": [7, 1.5, 8, 2.5], "texture": "#0"},
				"south": {"uv": [7, 1.5, 8, 2.5], "texture": "#0"},
				"west": {"uv": [7, 1.5, 8, 2.5], "texture": "#0"},
				"up": {"uv": [7, 0, 8, 1], "rotation": 90, "texture": "#0"},
				"down": {"uv": [7, 2.5, 8, 3.5], "rotation": 270, "texture": "#0"}
			}
		},
		{
			"from": [7, 13, 10],
			"to": [9, 15, 13],
			"rotation": {"angle": 0, "axis": "y", "origin": [8, 14, 8]},
			"faces": {
				"north": {"uv": [4, 1.5, 5, 2.5], "texture": "#0"},
				"east": {"uv": [4, 1.5, 5.5, 2.5], "texture": "#0"},
				"south": {"uv": [4, 1.5, 5, 2.5], "texture": "#0"},
				"west": {"uv": [4, 1.5, 5.5, 2.5], "texture": "#0"},
				"up": {"uv": [4, 0, 5.5, 1], "rotation": 90, "texture": "#0"},
				"down": {"uv": [4, 2.5, 5.5, 3.5], "rotation": 270, "texture": "#0"}
			}
		},
		{
			"from": [10, 13, 7],
			"to": [12, 15, 9],
			"rotation": {"angle": 0, "axis": "y", "origin": [8, 14, 8]},
			"faces": {
				"north": {"uv": [5.5, 1.5, 6.5, 2.5], "texture": "#0"},
				"east": {"uv": [5.5, 1.5, 6.5, 2.5], "texture": "#0"},
				"south": {"uv": [5.5, 1.5, 6.5, 2.5], "texture": "#0"},
				"west": {"uv": [5.5, 1.5, 6.5, 2.5], "texture": "#0"},
				"up": {"uv": [5.5, 0, 6.5, 1], "texture": "#0"},
				"down": {"uv": [5.5, 2.5, 6.5, 3.5], "texture": "#0"}
			}
		},
		{
			"from": [7, 9, 10],
			"to": [9, 11, 12],
			"rotation": {"angle": -45, "axis": "y", "origin": [8, 10, 8]},
			"faces": {
				"north": {"uv": [5.5, 1.5, 6.5, 2.5], "texture": "#0"},
				"east": {"uv": [5.5, 1.5, 6.5, 2.5], "texture": "#0"},
				"south": {"uv": [5.5, 1.5, 6.5, 2.5], "texture": "#0"},
				"west": {"uv": [5.5, 1.5, 6.5, 2.5], "texture": "#0"},
				"up": {"uv": [5.5, 0, 6.5, 1], "rotation": 90, "texture": "#0"},
				"down": {"uv": [5.5, 2.5, 6.5, 3.5], "rotation": 270, "texture": "#0"}
			}
		},
		{
			"from": [7, 12, 3],
			"to": [9, 14, 6],
			"rotation": {"angle": 0, "axis": "y", "origin": [8, 13, 8]},
			"faces": {
				"north": {"uv": [5.5, 1.5, 6.5, 2.5], "texture": "#0"},
				"east": {"uv": [5.5, 1.5, 7, 2.5], "texture": "#0"},
				"south": {"uv": [5.5, 1.5, 6.5, 2.5], "texture": "#0"},
				"west": {"uv": [5.5, 1.5, 7, 2.5], "texture": "#0"},
				"up": {"uv": [5.5, 0, 7, 1], "rotation": 270, "texture": "#0"},
				"down": {"uv": [5.5, 2.5, 7, 3.5], "rotation": 90, "texture": "#0"}
			}
		},
		{
			"from": [7, 16, 10],
			"to": [9, 18, 12],
			"rotation": {"angle": 45, "axis": "y", "origin": [8, 17, 8]},
			"faces": {
				"north": {"uv": [4, 1.5, 5, 2.5], "texture": "#0"},
				"east": {"uv": [4, 1.5, 5, 2.5], "texture": "#0"},
				"south": {"uv": [4, 1.5, 5, 2.5], "texture": "#0"},
				"west": {"uv": [4, 1.5, 5, 2.5], "texture": "#0"},
				"up": {"uv": [4, 0, 5, 1], "rotation": 90, "texture": "#0"},
				"down": {"uv": [4, 2.5, 5, 3.5], "rotation": 270, "texture": "#0"}
			}
		},
		{
			"from": [10, 16, 7],
			"to": [12, 18, 9],
			"rotation": {"angle": 45, "axis": "y", "origin": [8, 17, 8]},
			"faces": {
				"north": {"uv": [8.5, 1.5, 9.5, 2.5], "texture": "#0"},
				"east": {"uv": [8.5, 1.5, 9.5, 2.5], "texture": "#0"},
				"south": {"uv": [8.5, 1.5, 9.5, 2.5], "texture": "#0"},
				"west": {"uv": [8.5, 1.5, 9.5, 2.5], "texture": "#0"},
				"up": {"uv": [8.5, 0, 9.5, 1], "texture": "#0"},
				"down": {"uv": [8.5, 2.5, 9.5, 3.5], "texture": "#0"}
			}
		},
		{
			"from": [4, 14, 8],
			"to": [6, 16, 10],
			"rotation": {"angle": 0, "axis": "y", "origin": [9, 15, 9]},
			"faces": {
				"north": {"uv": [8.5, 1.5, 9.5, 2.5], "texture": "#0"},
				"east": {"uv": [8.5, 1.5, 9.5, 2.5], "texture": "#0"},
				"south": {"uv": [8.5, 1.5, 9.5, 2.5], "texture": "#0"},
				"west": {"uv": [8.5, 1.5, 9.5, 2.5], "texture": "#0"},
				"up": {"uv": [8.5, 0, 9.5, 1], "rotation": 180, "texture": "#0"},
				"down": {"uv": [8.5, 2.5, 9.5, 3.5], "rotation": 180, "texture": "#0"}
			}
		}
	],
	"display": {
		"thirdperson_righthand": {
			"translation": [0, 3.5, 1.5]
		},
		"thirdperson_lefthand": {
			"translation": [0, 3.5, 1.5]
		},
		"firstperson_righthand": {
			"rotation": [16, 0, 0],
			"translation": [0, 3, 0],
			"scale": [0.55, 0.55, 0.55]
		},
		"firstperson_lefthand": {
			"rotation": [16, 0, 0],
			"translation": [0, 3, 0],
			"scale": [0.55, 0.55, 0.55]
		},
		"ground": {
			"rotation": [42.24, 5.36, 13.87],
			"scale": [0.35, 0.35, 0.35]
		},
		"gui": {
			"rotation": [0, 0, -45],
			"translation": [-1.5, -1.5, 0],
			"scale": [0.85, 0.85, 0.85]
		},
		"fixed": {
			"rotation": [0, 0, 45],
			"translation": [1.5, -1.75, 0],
			"scale": [0.85, 0.85, 0.85]
		}
	}
}