{
	"credit": "Made with Blockbench",
	"texture_size": [32, 32],
	"textures": {
		"0": "the_vault:item/gear/axe/greathammer",
		"particle": "the_vault:item/gear/axe/greathammer"
	},
	"elements": [
		{
			"from": [4.5, 24, 1.5],
			"to": [11.5, 32, 14.5],
			"rotation": {"angle": 0, "axis": "y", "origin": [4.5, 24, 1.5]},
			"faces": {
				"north": {"uv": [6.5, 0, 10, 4], "texture": "#0"},
				"east": {"uv": [0, 0, 6.5, 4], "texture": "#0"},
				"south": {"uv": [6.5, 0, 10, 4], "texture": "#0"},
				"west": {"uv": [0, 0, 6.5, 4], "texture": "#0"},
				"up": {"uv": [0, 4, 3.5, 10.5], "texture": "#0"},
				"down": {"uv": [3.5, 4, 7, 10.5], "texture": "#0"}
			}
		},
		{
			"from": [6.5, 0, 6.5],
			"to": [9.5, 24, 9.5],
			"rotation": {"angle": 0, "axis": "y", "origin": [6.5, 0, 6.5]},
			"faces": {
				"north": {"uv": [10, 0, 11.5, 12], "texture": "#0"},
				"east": {"uv": [11.5, 0, 13, 12], "texture": "#0"},
				"south": {"uv": [10, 0, 11.5, 12], "texture": "#0"},
				"west": {"uv": [11.5, 0, 13, 12], "texture": "#0"},
				"up": {"uv": [11.5, 12, 13, 13.5], "texture": "#0"},
				"down": {"uv": [11.5, 12, 13, 13.5], "texture": "#0"}
			}
		},
		{
			"from": [8, -6, 9.5],
			"to": [8, 4, 14.5],
			"rotation": {"angle": 0, "axis": "y", "origin": [8, -6, 9.5]},
			"faces": {
				"north": {"uv": [0, 0, 0, 5], "texture": "#0"},
				"east": {"uv": [9.5, 4, 7, 9], "texture": "#0"},
				"south": {"uv": [0, 0, 0, 5], "texture": "#0"},
				"west": {"uv": [7, 4, 9.5, 9], "texture": "#0"},
				"up": {"uv": [0, 0, 0, 2.5], "texture": "#0"},
				"down": {"uv": [0, 0, 0, 2.5], "texture": "#0"}
			}
		}
	],
	"display": {
		"thirdperson_righthand": {
			"translation": [0, -3, 1.5],
			"scale": [0.57, 0.57, 0.57]
		},
		"thirdperson_lefthand": {
			"translation": [0, -3, 1.5],
			"scale": [0.57, 0.57, 0.57]
		},
		"firstperson_righthand": {
			"rotation": [16, 0, 0],
			"translation": [-0.5, -0.5, 2],
			"scale": [0.4, 0.4, 0.39]
		},
		"firstperson_lefthand": {
			"rotation": [16, 0, 0],
			"translation": [-0.5, -0.5, 2],
			"scale": [0.4, 0.4, 0.39]
		},
		"ground": {
			"scale": [0.3, 0.3, 0.3]
		},
		"gui": {
			"rotation": [90, 45, -90],
			"translation": [-3.5, -3.25, 0],
			"scale": [0.5, 0.5, 0.5]
		},
		"fixed": {
			"rotation": [90, -45, 90],
			"translation": [4.25, -4, 0],
			"scale": [0.6, 0.6, 0.6]
		}
	}
}