{
	"credit": "Made with Blockbench",
	"texture_size": [32, 32],
	"textures": {
		"1": "the_vault:block/animal_pen",
		"particle": "the_vault:block/animal_pen"
	},
	"elements": [
		{
			"from": [0, 1, 1],
			"to": [1, 2, 15],
			"faces": {
				"north": {"uv": [15.5, 0, 16, 0.5], "texture": "#1"},
				"east": {"uv": [8.5, 0, 15.5, 0.5], "texture": "#1"},
				"south": {"uv": [8, 0, 8.5, 0.5], "texture": "#1"},
				"west": {"uv": [8.5, 0, 15.5, 0.5], "texture": "#1"},
				"up": {"uv": [8, 7.5, 7.5, 0.5], "texture": "#1"},
				"down": {"uv": [8, 8.5, 7.5, 15.5], "texture": "#1"}
			}
		},
		{
			"from": [15, 1, 1],
			"to": [16, 2, 15],
			"faces": {
				"north": {"uv": [8, 0, 8.5, 0.5], "texture": "#1"},
				"east": {"uv": [8.5, 0, 15.5, 0.5], "texture": "#1"},
				"south": {"uv": [15.5, 0, 16, 0.5], "texture": "#1"},
				"west": {"uv": [8.5, 0, 15.5, 0.5], "texture": "#1"},
				"up": {"uv": [0.5, 7.5, 0, 0.5], "texture": "#1"},
				"down": {"uv": [0.5, 8.5, 0, 15.5], "texture": "#1"}
			}
		},
		{
			"from": [0, 1, 0],
			"to": [16, 2, 1],
			"faces": {
				"north": {"uv": [8, 0, 16, 0.5], "texture": "#1"},
				"east": {"uv": [15.5, 0, 16, 0.5], "texture": "#1"},
				"south": {"uv": [8, 0, 16, 0.5], "texture": "#1"},
				"west": {"uv": [8.025, 0, 8.525, 0.5], "texture": "#1"},
				"up": {"uv": [8, 0.5, 0, 0], "texture": "#1"},
				"down": {"uv": [8, 15.5, 0, 16], "texture": "#1"}
			}
		},
		{
			"from": [0, 1, 15],
			"to": [16, 2, 16],
			"faces": {
				"north": {"uv": [8, 0, 16, 0.5], "texture": "#1"},
				"east": {"uv": [8, 0, 8.5, 0.5], "texture": "#1"},
				"south": {"uv": [8, 0, 16, 0.5], "texture": "#1"},
				"west": {"uv": [15.5, 0, 16, 0.5], "texture": "#1"},
				"up": {"uv": [8, 0.75, 0, 0.25], "texture": "#1"},
				"down": {"uv": [8, 15.5, 0, 16], "texture": "#1"}
			}
		},
		{
			"from": [0, 0, 0],
			"to": [16, 1, 16],
			"faces": {
				"north": {"uv": [8, 0.5, 16, 1], "texture": "#1"},
				"east": {"uv": [8, 0.5, 16, 1], "texture": "#1"},
				"south": {"uv": [8, 0.5, 16, 1], "texture": "#1"},
				"west": {"uv": [8, 0.5, 16, 1], "texture": "#1"},
				"up": {"uv": [8, 8, 0, 0], "texture": "#1"},
				"down": {"uv": [8, 8, 0, 16], "texture": "#1"}
			}
		},
		{
			"from": [2, 1, 2],
			"to": [14, 2, 14],
			"faces": {
				"north": {"uv": [9, 0.5, 15, 1], "texture": "#1"},
				"east": {"uv": [9, 0.5, 15, 1], "texture": "#1"},
				"south": {"uv": [9, 0.5, 15, 1], "texture": "#1"},
				"west": {"uv": [9, 0.5, 15, 1], "texture": "#1"},
				"up": {"uv": [7, 7, 1, 1], "texture": "#1"},
				"down": {"uv": [7, 1, 1, 7], "texture": "#1"}
			}
		},
		{
			"from": [13, 1, 13],
			"to": [15, 6, 15],
			"faces": {
				"north": {"uv": [9, 3, 10, 5.5], "texture": "#1"},
				"east": {"uv": [8, 3, 9, 5.5], "texture": "#1"},
				"south": {"uv": [9, 3, 10, 5.5], "texture": "#1"},
				"west": {"uv": [8, 3, 9, 5.5], "texture": "#1"},
				"up": {"uv": [12, 4, 11, 3], "texture": "#1"},
				"down": {"uv": [12, 3, 11, 4], "texture": "#1"}
			}
		},
		{
			"from": [1, 1, 13],
			"to": [3, 6, 15],
			"faces": {
				"north": {"uv": [8, 3, 9, 5.5], "texture": "#1"},
				"east": {"uv": [9, 3, 10, 5.5], "texture": "#1"},
				"south": {"uv": [8, 3, 9, 5.5], "texture": "#1"},
				"west": {"uv": [9, 3, 10, 5.5], "texture": "#1"},
				"up": {"uv": [11, 4, 10, 3], "texture": "#1"},
				"down": {"uv": [11, 3, 10, 4], "texture": "#1"}
			}
		},
		{
			"from": [1, 1, 1],
			"to": [3, 6, 3],
			"faces": {
				"north": {"uv": [9, 3, 10, 5.5], "texture": "#1"},
				"east": {"uv": [8, 3, 9, 5.5], "texture": "#1"},
				"south": {"uv": [9, 3, 10, 5.5], "texture": "#1"},
				"west": {"uv": [8, 3, 9, 5.5], "texture": "#1"},
				"up": {"uv": [12, 4, 11, 3], "texture": "#1"},
				"down": {"uv": [12, 3, 11, 4], "texture": "#1"}
			}
		},
		{
			"from": [13, 1, 1],
			"to": [15, 6, 3],
			"faces": {
				"north": {"uv": [8, 3, 9, 5.5], "texture": "#1"},
				"east": {"uv": [9, 3, 10, 5.5], "texture": "#1"},
				"south": {"uv": [8, 3, 9, 5.5], "texture": "#1"},
				"west": {"uv": [9, 3, 10, 5.5], "texture": "#1"},
				"up": {"uv": [11, 4, 10, 3], "texture": "#1"},
				"down": {"uv": [11, 3, 10, 4], "texture": "#1"}
			}
		},
		{
			"from": [0, 3, 1],
			"to": [16, 5, 3],
			"rotation": {"angle": 0, "axis": "y", "origin": [0, 3, 1]},
			"faces": {
				"north": {"uv": [8, 1, 16, 2], "texture": "#1"},
				"east": {"uv": [10, 3, 11, 4], "texture": "#1"},
				"south": {"uv": [8, 1, 16, 2], "texture": "#1"},
				"west": {"uv": [11, 3, 12, 4], "texture": "#1"},
				"up": {"uv": [8, 5.5, 16, 6.5], "texture": "#1"},
				"down": {"uv": [8, 6.5, 16, 7.5], "texture": "#1"}
			}
		},
		{
			"from": [0, 3, 13],
			"to": [16, 5, 15],
			"rotation": {"angle": 0, "axis": "y", "origin": [0, 3, 13]},
			"faces": {
				"north": {"uv": [8, 1, 16, 2], "texture": "#1"},
				"east": {"uv": [10, 3, 11, 4], "texture": "#1"},
				"south": {"uv": [8, 1, 16, 2], "texture": "#1"},
				"west": {"uv": [11, 3, 12, 4], "texture": "#1"},
				"up": {"uv": [8, 5.5, 16, 6.5], "texture": "#1"},
				"down": {"uv": [8, 6.5, 16, 7.5], "texture": "#1"}
			}
		},
		{
			"from": [1, 3, 0],
			"to": [3, 5, 16],
			"rotation": {"angle": 0, "axis": "y", "origin": [1, 3, 0]},
			"faces": {
				"north": {"uv": [10, 3, 11, 4], "texture": "#1"},
				"east": {"uv": [8, 2, 16, 3], "texture": "#1"},
				"south": {"uv": [11, 3, 12, 4], "texture": "#1"},
				"west": {"uv": [8, 2, 16, 3], "texture": "#1"},
				"up": {"uv": [8, 5.5, 16, 6.5], "rotation": 90, "texture": "#1"},
				"down": {"uv": [8, 6.5, 16, 7.5], "rotation": 90, "texture": "#1"}
			}
		},
		{
			"from": [13, 3, 0],
			"to": [15, 5, 16],
			"rotation": {"angle": 0, "axis": "y", "origin": [13, 3, 0]},
			"faces": {
				"north": {"uv": [10, 3, 11, 4], "texture": "#1"},
				"east": {"uv": [8, 2, 16, 3], "texture": "#1"},
				"south": {"uv": [11, 3, 12, 4], "texture": "#1"},
				"west": {"uv": [8, 2, 16, 3], "texture": "#1"},
				"up": {"uv": [8, 5.5, 16, 6.5], "rotation": 90, "texture": "#1"},
				"down": {"uv": [8, 6.5, 16, 7.5], "rotation": 90, "texture": "#1"}
			}
		}
	],
	"display": {
		"thirdperson_righthand": {
			"rotation": [75, 45, 0],
			"translation": [0, 3.25, 2],
			"scale": [0.375, 0.375, 0.375]
		},
		"thirdperson_lefthand": {
			"rotation": [75, 45, 0],
			"translation": [0, 3.25, 2],
			"scale": [0.375, 0.375, 0.375]
		},
		"firstperson_righthand": {
			"rotation": [0, 45, 0],
			"translation": [0, 2.95, 0],
			"scale": [0.4, 0.4, 0.4]
		},
		"firstperson_lefthand": {
			"rotation": [0, 45, 0],
			"translation": [0, 2.95, 0],
			"scale": [0.4, 0.4, 0.4]
		},
		"ground": {
			"translation": [0, 3, 0],
			"scale": [0.25, 0.25, 0.25]
		},
		"gui": {
			"rotation": [30, 225, 0],
			"translation": [0, 2.5, 0],
			"scale": [0.625, 0.625, 0.625]
		},
		"head": {
			"rotation": [0, 180, 0],
			"translation": [0, 14.25, 0]
		},
		"fixed": {
			"rotation": [-90, 0, 0],
			"translation": [0, 0, -3],
			"scale": [0.5, 0.5, 0.5]
		}
	}
}