{
	"credit": "Made with Blockbench",
	"texture_size": [64, 64],
	"textures": {
		"0": "the_vault:block/bounty_table",
		"particle": "the_vault:block/bounty_table"
	},
	"display": {
		"gui": {
			"rotation": [30, 225, 0],
			"translation": [0, 0, 0],
			"scale": [0.625, 0.625, 0.625]
		},
		"ground": {
			"rotation": [0, 0, 0],
			"translation": [0, 3, 0],
			"scale": [0.25, 0.25, 0.25]
		},
		"fixed": {
			"rotation": [0, 0, 0],
			"translation": [0, 0, 0],
			"scale": [1, 1, 1]
		},
		"head": {
			"rotation": [0, 180, 0],
			"translation": [0, 0, 0],
			"scale": [1, 1, 1]
		},
		"firstperson_righthand": {
			"rotation": [0, 135, 0],
			"translation": [0, 2.5, 0],
			"scale": [0.4, 0.4, 0.4]
		},
		"thirdperson_righthand": {
			"rotation": [75, 135, 0],
			"translation": [0, 2.5, 0],
			"scale": [0.375, 0.375, 0.375]
		}
	},

	"elements": [
		{
			"from": [0, 6, 0],
			"to": [16, 10, 16],
			"faces": {
				"north": {"uv": [0, 4, 4, 5], "texture": "#0"},
				"east": {"uv": [4, 4, 8, 5], "texture": "#0"},
				"south": {"uv": [4, 4, 8, 5], "texture": "#0"},
				"west": {"uv": [4, 4, 8, 5], "texture": "#0"},
				"up": {"uv": [0, 0, 4, 4], "rotation": 180, "texture": "#0"},
				"down": {"uv": [4, 0, 8, 4], "texture": "#0"}
			}
		},
		{
			"from": [1, 0, 1],
			"to": [5, 6, 5],
			"faces": {
				"north": {"uv": [1, 5, 2, 6.5], "texture": "#0"},
				"east": {"uv": [0, 5, 1, 6.5], "texture": "#0"},
				"south": {"uv": [1, 5, 2, 6.5], "texture": "#0"},
				"west": {"uv": [0, 5, 1, 6.5], "texture": "#0"},
				"up": {"uv": [0, 6.5, 1, 7.5], "texture": "#0"},
				"down": {"uv": [0, 6.5, 1, 7.5], "texture": "#0"}
			}
		},
		{
			"from": [11, 0, 1],
			"to": [15, 6, 5],
			"faces": {
				"north": {"uv": [0, 5, 1, 6.5], "texture": "#0"},
				"east": {"uv": [1, 5, 2, 6.5], "texture": "#0"},
				"south": {"uv": [0, 5, 1, 6.5], "texture": "#0"},
				"west": {"uv": [1, 5, 2, 6.5], "texture": "#0"},
				"up": {"uv": [0, 6.5, 1, 7.5], "texture": "#0"},
				"down": {"uv": [0, 6.5, 1, 7.5], "texture": "#0"}
			}
		},
		{
			"from": [1, 0, 11],
			"to": [5, 6, 15],
			"faces": {
				"north": {"uv": [0, 5, 1, 6.5], "texture": "#0"},
				"east": {"uv": [1, 5, 2, 6.5], "texture": "#0"},
				"south": {"uv": [0, 5, 1, 6.5], "texture": "#0"},
				"west": {"uv": [1, 5, 2, 6.5], "texture": "#0"},
				"up": {"uv": [0, 6.5, 1, 7.5], "texture": "#0"},
				"down": {"uv": [0, 6.5, 1, 7.5], "texture": "#0"}
			}
		},
		{
			"from": [11, 0, 11],
			"to": [15, 6, 15],
			"faces": {
				"north": {"uv": [1, 5, 2, 6.5], "texture": "#0"},
				"east": {"uv": [0, 5, 1, 6.5], "texture": "#0"},
				"south": {"uv": [1, 5, 2, 6.5], "texture": "#0"},
				"west": {"uv": [0, 5, 1, 6.5], "texture": "#0"},
				"up": {"uv": [0, 6.5, 1, 7.5], "texture": "#0"},
				"down": {"uv": [0, 6.5, 1, 7.5], "texture": "#0"}
			}
		},
		{
			"from": [1, 10, 9],
			"to": [7, 16, 15],
			"faces": {
				"north": {"uv": [9.5, 1.5, 11, 3], "texture": "#0"},
				"east": {"uv": [8, 1.5, 9.5, 3], "texture": "#0"},
				"south": {"uv": [12.5, 1.5, 14, 3], "texture": "#0"},
				"west": {"uv": [11, 1.5, 12.5, 3], "texture": "#0"},
				"up": {"uv": [9.5, 0, 11, 1.5], "texture": "#0"},
				"down": {"uv": [11, 0, 12.5, 1.5], "texture": "#0"}
			}
		},
		{
			"from": [12, 10, 12],
			"to": [14, 15, 14],
			"faces": {
				"north": {"uv": [2, 5.5, 2.5, 6.75], "texture": "#0"},
				"east": {"uv": [2, 5.5, 2.5, 6.75], "texture": "#0"},
				"south": {"uv": [2, 5.5, 2.5, 6.75], "texture": "#0"},
				"west": {"uv": [2, 5.5, 2.5, 6.75], "texture": "#0"},
				"up": {"uv": [2, 5, 2.5, 5.5], "texture": "#0"},
				"down": {"uv": [2, 5, 2.5, 5.5], "texture": "#0"}
			}
		},
		{
			"from": [11, 10, 10],
			"to": [13, 11, 12],
			"faces": {
				"north": {"uv": [2.5, 5.5, 3, 5.75], "texture": "#0"},
				"east": {"uv": [2.5, 5.5, 3, 5.75], "texture": "#0"},
				"south": {"uv": [2.5, 5.5, 3, 5.75], "texture": "#0"},
				"west": {"uv": [2.5, 5.5, 3, 5.75], "texture": "#0"},
				"up": {"uv": [2.5, 5, 3, 5.5], "texture": "#0"},
				"down": {"uv": [2.5, 5, 3, 5.5], "texture": "#0"}
			}
		},
		{
			"from": [9, 10, 11],
			"to": [11, 13, 13],
			"faces": {
				"north": {"uv": [3, 5.5, 3.5, 6.25], "texture": "#0"},
				"east": {"uv": [3, 5.5, 3.5, 6.25], "texture": "#0"},
				"south": {"uv": [3, 5.5, 3.5, 6.25], "texture": "#0"},
				"west": {"uv": [3, 5.5, 3.5, 6.25], "texture": "#0"},
				"up": {"uv": [3, 5, 3.5, 5.5], "texture": "#0"},
				"down": {"uv": [3, 5, 3.5, 5.5], "texture": "#0"}
			}
		},
		{
			"from": [2, 10, 3],
			"to": [4, 11, 5],
			"faces": {
				"north": {"uv": [2, 5.5, 2.5, 5.75], "texture": "#0"},
				"east": {"uv": [2, 5.5, 2.5, 5.75], "texture": "#0"},
				"south": {"uv": [2, 5.5, 2.5, 5.75], "texture": "#0"},
				"west": {"uv": [2, 5.5, 2.5, 5.75], "texture": "#0"},
				"up": {"uv": [2, 5, 2.5, 5.5], "texture": "#0"},
				"down": {"uv": [2, 5, 2.5, 5.5], "texture": "#0"}
			}
		},
		{
			"from": [7, 8, -1],
			"to": [15, 11, 8],
			"faces": {
				"north": {"uv": [8.75, 5.25, 10.75, 6], "texture": "#0"},
				"east": {"uv": [10.75, 3, 11.5, 6], "texture": "#0"},
				"south": {"uv": [8.75, 3, 10.75, 3.75], "texture": "#0"},
				"west": {"uv": [8, 3, 8.75, 6], "texture": "#0"},
				"up": {"uv": [8.75, 3, 10.75, 5.25], "rotation": 180, "texture": "#0"},
				"down": {"uv": [8.75, 3, 10.75, 5.25], "texture": "#0"}
			}
		}
	]
}