{
	"credit": "Made with Blockbench",
	"texture_size": [32, 32],
	"textures": {
		"0": "the_vault:block/card_essence_extractor",
		"particle": "the_vault:block/card_essence_extractor"
	},
	"elements": [
		{
			"from": [5, 4, 3],
			"to": [10, 12, 13],
			"rotation": {"angle": 0, "axis": "y", "origin": [5, 4, 13]},
			"faces": {
				"north": {"uv": [13.5, 4, 16, 8], "texture": "#0"},
				"east": {"uv": [11, 12, 16, 16], "texture": "#0"},
				"south": {"uv": [13.5, 8, 16, 12], "texture": "#0"},
				"west": {"uv": [11, 12, 16, 16], "texture": "#0"},
				"up": {"uv": [11, 12, 16, 14.5], "rotation": 270, "texture": "#0"},
				"down": {"uv": [11, 13.5, 16, 16], "rotation": 90, "texture": "#0"}
			}
		}
	],
	"display": {
		"thirdperson_righthand": {
			"rotation": [75, -45, 0],
			"translation": [0, 2.5, 0],
			"scale": [0.375, 0.375, 0.375]
		},
		"thirdperson_lefthand": {
			"rotation": [75, 135, 0],
			"translation": [0, 2.5, 0],
			"scale": [0.375, 0.375, 0.375]
		},
		"firstperson_righthand": {
			"rotation": [0, 45, 0],
			"scale": [0.4, 0.4, 0.4]
		},
		"firstperson_lefthand": {
			"rotation": [0, 225, 0],
			"scale": [0.4, 0.4, 0.4]
		},
		"ground": {
			"translation": [0, 3, 0],
			"scale": [0.25, 0.25, 0.25]
		},
		"gui": {
			"rotation": [30, 45, 0],
			"scale": [0.625, 0.625, 0.625]
		},
		"fixed": {
			"rotation": [0, -90, 0],
			"scale": [0.5, 0.5, 0.5]
		}
	}
}