{
	"credit": "Made with Blockbench",
	"texture_size": [64, 64],
	"textures": {
		"0": "the_vault:block/catalyst_infusion_table",
		"particle": "the_vault:block/catalyst_infusion_table"
	},
    "display": {
        "gui": {
            "rotation": [30, 225, 0],
            "translation": [0, 0, 0],
            "scale": [0.625, 0.625, 0.625]
        },
        "ground": {
            "rotation": [0, 0, 0],
            "translation": [0, 3, 0],
            "scale": [0.25, 0.25, 0.25]
        },
        "fixed": {
            "rotation": [0, 0, 0],
            "translation": [0, 0, 0],
            "scale": [1, 1, 1]
        },
        "head": {
            "rotation": [0, 180, 0],
            "translation": [0, 0, 0],
            "scale": [1, 1, 1]
        },
        "firstperson_righthand": {
            "rotation": [0, 135, 0],
            "translation": [0, 2.5, 0],
            "scale": [0.4, 0.4, 0.4]
        },
        "thirdperson_righthand": {
            "rotation": [75, 135, 0],
            "translation": [0, 2.5, 0],
            "scale": [0.375, 0.375, 0.375]
        }
    },
	"elements": [
		{
			"from": [0, 0, 0],
			"to": [16, 4, 16],
			"faces": {
				"north": {"uv": [4, 4, 8, 5], "texture": "#0"},
				"east": {"uv": [0, 4, 4, 5], "texture": "#0"},
				"south": {"uv": [0, 4, 4, 5], "texture": "#0"},
				"west": {"uv": [0, 4, 4, 5], "texture": "#0"},
				"up": {"uv": [4, 0, 8, 4], "rotation": 180, "texture": "#0"},
				"down": {"uv": [4, 5, 8, 9], "texture": "#0"}
			}
		},
		{
			"from": [0, 8, 4.75],
			"to": [16, 12, 20.75],
			"rotation": {"angle": -22.5, "axis": "x", "origin": [0, 0, 0]},
			"faces": {
				"north": {"uv": [0, 4, 4, 5], "texture": "#0"},
				"east": {"uv": [0, 4, 4, 5], "texture": "#0"},
				"south": {"uv": [0, 4, 4, 5], "texture": "#0"},
				"west": {"uv": [0, 4, 4, 5], "texture": "#0"},
				"up": {"uv": [0, 0, 4, 4], "texture": "#0"},
				"down": {"uv": [0, 5, 4, 9], "texture": "#0"}
			}
		},
		{
			"from": [4, 3, 4],
			"to": [12, 14, 12],
			"faces": {
				"north": {"uv": [8, 3.5, 10, 6.25], "texture": "#0"},
				"east": {"uv": [10, 3.5, 12, 6.25], "texture": "#0"},
				"south": {"uv": [10, 3.5, 12, 6.25], "texture": "#0"},
				"west": {"uv": [10, 3.5, 12, 6.25], "texture": "#0"},
				"up": {"uv": [8, 6.25, 10, 8.25], "texture": "#0"},
				"down": {"uv": [8, 6.25, 10, 8.25], "texture": "#0"}
			}
		},
		{
			"from": [3, 10, 3],
			"to": [13, 14, 13],
			"faces": {
				"north": {"uv": [8, 0, 10.5, 1], "texture": "#0"},
				"east": {"uv": [8, 0, 10.5, 1], "texture": "#0"},
				"south": {"uv": [8, 0, 10.5, 1], "texture": "#0"},
				"west": {"uv": [8, 0, 10.5, 1], "texture": "#0"},
				"up": {"uv": [8, 1, 10.5, 3.5], "texture": "#0"},
				"down": {"uv": [8, 1, 10.5, 3.5], "texture": "#0"}
			}
		},
		{
			"from": [2, 12, 11.75],
			"to": [8, 13, 17.75],
			"rotation": {"angle": -22.5, "axis": "x", "origin": [0, 0, 0]},
			"faces": {
				"north": {"uv": [12, 1.5, 13.5, 1.75], "texture": "#0"},
				"east": {"uv": [10, 6.25, 11.5, 6.5], "texture": "#0"},
				"south": {"uv": [12, 0.25, 13.5, 0.5], "rotation": 180, "texture": "#0"},
				"west": {"uv": [13.25, 0.25, 13.5, 1.75], "rotation": 90, "texture": "#0"},
				"up": {"uv": [12, 0.25, 13.5, 1.75], "rotation": 180, "texture": "#0"},
				"down": {"uv": [14.5, 1.5, 16, 0], "rotation": 180, "texture": "#0"}
			}
		},
		{
			"from": [3, 12, 7.75],
			"to": [8, 13, 11.75],
			"rotation": {"angle": -22.5, "axis": "x", "origin": [0, 0, 0]},
			"faces": {
				"north": {"uv": [12, 2.5, 13.25, 2.75], "texture": "#0"},
				"east": {"uv": [15, 0, 16, 0.25], "texture": "#0"},
				"south": {"uv": [14.75, 0, 16, 0.25], "texture": "#0"},
				"west": {"uv": [13, 1.75, 13.25, 2.75], "rotation": 90, "texture": "#0"},
				"up": {"uv": [12, 1.75, 13.25, 2.75], "rotation": 180, "texture": "#0"},
				"down": {"uv": [14.75, 0, 16, 1], "rotation": 180, "texture": "#0"}
			}
		},
		{
			"from": [2, 12, 6.75],
			"to": [6, 13, 10.75],
			"rotation": {"angle": -22.5, "axis": "x", "origin": [0, 0, 0]},
			"faces": {
				"north": {"uv": [12.5, 2.75, 13.5, 3], "texture": "#0"},
				"east": {"uv": [12.5, 2, 12.75, 3], "rotation": 90, "texture": "#0"},
				"south": {"uv": [12.5, 2, 13.5, 2.25], "rotation": 180, "texture": "#0"},
				"west": {"uv": [13.25, 2, 13.5, 3], "rotation": 90, "texture": "#0"},
				"up": {"uv": [12.5, 2, 13.5, 3], "rotation": 180, "texture": "#0"},
				"down": {"uv": [16, 0, 15, 1], "texture": "#0"}
			}
		},
		{
			"from": [8, 12, 6.75],
			"to": [14, 13, 18.75],
			"rotation": {"angle": -22.5, "axis": "x", "origin": [0, 0, 0]},
			"faces": {
				"north": {"uv": [10.5, 2.75, 12, 3], "texture": "#0"},
				"east": {"uv": [10.5, 0, 10.75, 3], "rotation": 270, "texture": "#0"},
				"south": {"uv": [10.5, 0, 12, 0.25], "rotation": 180, "texture": "#0"},
				"west": {"uv": [12, 0, 11.75, 3], "rotation": 90, "texture": "#0"},
				"up": {"uv": [10.5, 0, 12, 3], "rotation": 180, "texture": "#0"},
				"down": {"uv": [14.5, 3, 16, 0], "rotation": 180, "texture": "#0"}
			}
		}
	],
	"groups": [
		0,
		1,
		2,
		3,
		{
			"name": "group",
			"origin": [0, 0, 0],
			"color": 0,
			"children": [4, 5, 6, 7]
		}
	]
}