{
	"credit": "Made with Blockbench",
	"textures": {
		"0": "the_vault:block/coinpilemixed",
		"particle": "the_vault:block/coin_pile_particle"
	},
	"elements": [
		{
			"from": [8, 0, 7],
			"to": [12, 2, 11],
			"rotation": {"angle": 0, "axis": "y", "origin": [8, 0, 7]},
			"faces": {
				"north": {"uv": [4, 4, 8, 6], "texture": "#0"},
				"east": {"uv": [4, 4, 8, 6], "texture": "#0"},
				"south": {"uv": [4, 4, 8, 6], "texture": "#0"},
				"west": {"uv": [4, 4, 8, 6], "texture": "#0"},
				"up": {"uv": [4, 0, 8, 4], "texture": "#0"},
				"down": {"uv": [4, 0, 8, 4], "texture": "#0"}
			}
		},
		{
			"from": [4, 0, 5],
			"to": [8, 4, 9],
			"rotation": {"angle": 0, "axis": "y", "origin": [4, 0, 5]},
			"faces": {
				"north": {"uv": [0, 4, 4, 8], "texture": "#0"},
				"east": {"uv": [0, 4, 4, 8], "texture": "#0"},
				"south": {"uv": [0, 4, 4, 8], "texture": "#0"},
				"west": {"uv": [0, 4, 4, 8], "texture": "#0"},
				"up": {"uv": [0, 0, 4, 4], "texture": "#0"},
				"down": {"uv": [0, 0, 4, 4], "texture": "#0"}
			}
		}
	],
	"display": {
		"thirdperson_righthand": {
			"rotation": [75, 45, 0],
			"translation": [0, 2.5, 0],
			"scale": [0.375, 0.375, 0.375]
		},
		"thirdperson_lefthand": {
			"rotation": [75, 45, 0],
			"translation": [0, 2.5, 0],
			"scale": [0.375, 0.375, 0.375]
		},
		"firstperson_righthand": {
			"rotation": [0, 45, 0],
			"translation": [0, 4, 0],
			"scale": [0.4, 0.4, 0.4]
		},
		"firstperson_lefthand": {
			"rotation": [0, 225, 0],
			"translation": [0, 4, 0],
			"scale": [0.4, 0.4, 0.4]
		},
		"ground": {
			"translation": [0, 3, 0],
			"scale": [0.25, 0.25, 0.25]
		},
		"gui": {
			"rotation": [30, 225, 0],
			"scale": [0.625, 0.625, 0.625]
		},
		"fixed": {
			"scale": [0.5, 0.5, 0.5]
		}
	}
}