{
	"credit": "Made with Blockbench",
	"texture_size": [32, 32],
	"textures": {
		"0": "the_vault:block/crake_pedestal",
		"particle": "the_vault:block/crake_pedestal"
	},
	"elements": [
		{
			"from": [4, 0, 4],
			"to": [12, 2, 12],
			"faces": {
				"north": {"uv": [4, 12, 8, 13], "texture": "#0"},
				"east": {"uv": [4, 12, 8, 13], "texture": "#0"},
				"south": {"uv": [4, 12, 8, 13], "texture": "#0"},
				"west": {"uv": [4, 12, 8, 13], "texture": "#0"},
				"up": {"uv": [4, 8, 8, 12], "texture": "#0"},
				"down": {"uv": [4, 8, 8, 12], "texture": "#0"}
			}
		},
		{
			"from": [6, 14, 6],
			"to": [10, 16, 10],
			"faces": {
				"north": {"uv": [4, 15, 6, 16], "texture": "#0"},
				"east": {"uv": [4, 15, 6, 16], "texture": "#0"},
				"south": {"uv": [4, 15, 6, 16], "texture": "#0"},
				"west": {"uv": [4, 15, 6, 16], "texture": "#0"},
				"up": {"uv": [4, 13, 6, 15], "texture": "#0"},
				"down": {"uv": [4, 13, 6, 15], "texture": "#0"}
			}
		},
		{
			"from": [0, 2, 0],
			"to": [16, 4, 16],
			"faces": {
				"north": {"uv": [8, 11, 16, 12], "texture": "#0"},
				"east": {"uv": [8, 11, 16, 12], "texture": "#0"},
				"south": {"uv": [8, 11, 16, 12], "texture": "#0"},
				"west": {"uv": [8, 11, 16, 12], "texture": "#0"},
				"up": {"uv": [0, 0, 8, 8], "texture": "#0"},
				"down": {"uv": [0, 0, 8, 8], "texture": "#0"}
			}
		},
		{
			"from": [2, 4, 2],
			"to": [14, 14, 14],
			"faces": {
				"north": {"uv": [8, 6, 14, 11], "texture": "#0"},
				"east": {"uv": [8, 6, 14, 11], "texture": "#0"},
				"south": {"uv": [8, 6, 14, 11], "texture": "#0"},
				"west": {"uv": [8, 6, 14, 11], "texture": "#0"},
				"up": {"uv": [8, 0, 14, 6], "texture": "#0"},
				"down": {"uv": [8, 0, 14, 6], "texture": "#0"}
			}
		},
		{
			"from": [4, 4, 4],
			"to": [12, 12, 12],
			"faces": {
				"north": {"uv": [0, 12, 4, 16], "texture": "#0"},
				"east": {"uv": [0, 12, 4, 16], "texture": "#0"},
				"south": {"uv": [0, 12, 4, 16], "texture": "#0"},
				"west": {"uv": [0, 12, 4, 16], "texture": "#0"},
				"up": {"uv": [0, 8, 4, 12], "texture": "#0"},
				"down": {"uv": [0, 8, 4, 12], "texture": "#0"}
			}
		}
	],
	"display": {
		"thirdperson_righthand": {
			"rotation": [75, 45, 0],
			"translation": [0, 2.5, 0],
			"scale": [0.375, 0.375, 0.375]
		},
		"firstperson_righthand": {
			"rotation": [0, 45, 0],
			"scale": [0.4, 0.4, 0.4]
		},
		"ground": {
			"scale": [0.25, 0.25, 0.25]
		},
		"gui": {
			"rotation": [30, 225, 0],
			"scale": [0.625, 0.625, 0.625]
		},
		"fixed": {
			"scale": [0.5, 0.5, 0.5]
		}
	}
}