{
	"credit": "Made with Blockbench",
	"texture_size": [64, 64],
	"textures": {
		"0": "the_vault:block/debagnetizer",
		"particle": "the_vault:block/debagnetizer"
	},
	"elements": [
		{
			"from": [0, 0, 0],
			"to": [16, 4, 16],
			"faces": {
				"north": {"uv": [0, 8, 4, 9], "texture": "#0"},
				"east": {"uv": [0, 8, 4, 9], "texture": "#0"},
				"south": {"uv": [0, 8, 4, 9], "texture": "#0"},
				"west": {"uv": [0, 8, 4, 9], "texture": "#0"},
				"up": {"uv": [0, 4, 4, 8], "rotation": 180, "texture": "#0"},
				"down": {"uv": [0, 0, 4, 4], "texture": "#0"}
			}
		},
		{
			"from": [5, 4, 5],
			"to": [11, 7, 11],
			"faces": {
				"north": {"uv": [9, 2, 10.5, 2.75], "texture": "#0"},
				"east": {"uv": [9, 2, 10.5, 2.75], "texture": "#0"},
				"south": {"uv": [9, 2, 10.5, 2.75], "texture": "#0"},
				"west": {"uv": [9, 2, 10.5, 2.75], "texture": "#0"},
				"up": {"uv": [9, 0.5, 10.5, 2], "rotation": 180, "texture": "#0"},
				"down": {"uv": [9, 0.5, 10.5, 2], "texture": "#0"}
			}
		},
		{
			"from": [2, 7, 2],
			"to": [14, 9, 14],
			"faces": {
				"north": {"uv": [7, 0, 10, 0.5], "texture": "#0"},
				"east": {"uv": [7, 0, 10, 0.5], "texture": "#0"},
				"south": {"uv": [7, 0, 10, 0.5], "texture": "#0"},
				"west": {"uv": [7, 0, 10, 0.5], "texture": "#0"},
				"up": {"uv": [4, 0, 7, 3], "texture": "#0"},
				"down": {"uv": [4, 3, 7, 6], "texture": "#0"}
			}
		},
		{
			"from": [4, 14, 4],
			"to": [12, 16, 12],
			"rotation": {"angle": 0, "axis": "y", "origin": [0, 5, 0]},
			"faces": {
				"north": {"uv": [7, 2.5, 9, 3], "texture": "#0"},
				"east": {"uv": [7, 2.5, 9, 3], "texture": "#0"},
				"south": {"uv": [7, 2.5, 9, 3], "texture": "#0"},
				"west": {"uv": [7, 2.5, 9, 3], "texture": "#0"},
				"up": {"uv": [7, 0.5, 9, 2.5], "texture": "#0"},
				"down": {"uv": [7, 0.5, 9, 2.5], "texture": "#0"}
			}
		},
		{
			"from": [3, 13, 3],
			"to": [13, 14, 13],
			"rotation": {"angle": 0, "axis": "y", "origin": [1, 3, 1]},
			"faces": {
				"north": {"uv": [10, 0, 13, 0.25], "texture": "#0"},
				"east": {"uv": [10, 0, 13, 0.25], "texture": "#0"},
				"south": {"uv": [10, 0, 13, 0.25], "texture": "#0"},
				"west": {"uv": [10, 0, 13, 0.25], "texture": "#0"},
				"up": {"uv": [4, 6, 6.5, 8.5], "texture": "#0"},
				"down": {"uv": [4, 8.5, 6.5, 11], "texture": "#0"}
			}
		},
		{
			"from": [6, 10, 6],
			"to": [10, 12, 10],
			"rotation": {"angle": 0, "axis": "y", "origin": [2, 1, 2]},
			"faces": {
				"north": {"uv": [7, 3, 8, 3.5], "texture": "#0"},
				"east": {"uv": [7, 3, 8, 3.5], "texture": "#0"},
				"south": {"uv": [7, 3, 8, 3.5], "texture": "#0"},
				"west": {"uv": [7, 3, 8, 3.5], "texture": "#0"},
				"up": {"uv": [7, 3.5, 8, 4.5], "texture": "#0"},
				"down": {"uv": [7, 3.5, 8, 4.5], "texture": "#0"}
			}
		},
		{
			"from": [4, 9, 4],
			"to": [5, 13, 5],
			"rotation": {"angle": 0, "axis": "y", "origin": [4, 9, 4]},
			"faces": {
				"north": {"uv": [10.5, 0.5, 10.75, 1.5], "texture": "#0"},
				"east": {"uv": [10.75, 0.5, 11, 1.5], "texture": "#0"},
				"south": {"uv": [10.5, 0.5, 10.75, 1.5], "texture": "#0"},
				"west": {"uv": [10.75, 0.5, 11, 1.5], "texture": "#0"},
				"up": {"uv": [10.5, 1.5, 10.75, 1.75], "texture": "#0"},
				"down": {"uv": [10.5, 1.5, 10.75, 1.75], "texture": "#0"}
			}
		},
		{
			"from": [4, 9, 11],
			"to": [5, 13, 12],
			"rotation": {"angle": 0, "axis": "y", "origin": [4, 9, 11]},
			"faces": {
				"north": {"uv": [10.5, 0.5, 10.75, 1.5], "texture": "#0"},
				"east": {"uv": [10.75, 0.5, 11, 1.5], "texture": "#0"},
				"south": {"uv": [10.5, 0.5, 10.75, 1.5], "texture": "#0"},
				"west": {"uv": [10.75, 0.5, 11, 1.5], "texture": "#0"},
				"up": {"uv": [10.5, 1.5, 10.75, 1.75], "texture": "#0"},
				"down": {"uv": [10.5, 1.5, 10.75, 1.75], "texture": "#0"}
			}
		},
		{
			"from": [11, 9, 11],
			"to": [12, 13, 12],
			"rotation": {"angle": 0, "axis": "y", "origin": [11, 9, 11]},
			"faces": {
				"north": {"uv": [10.5, 0.5, 10.75, 1.5], "texture": "#0"},
				"east": {"uv": [10.75, 0.5, 11, 1.5], "texture": "#0"},
				"south": {"uv": [10.5, 0.5, 10.75, 1.5], "texture": "#0"},
				"west": {"uv": [10.75, 0.5, 11, 1.5], "texture": "#0"},
				"up": {"uv": [10.5, 1.5, 10.75, 1.75], "texture": "#0"},
				"down": {"uv": [10.5, 1.5, 10.75, 1.75], "texture": "#0"}
			}
		},
		{
			"from": [11, 9, 4],
			"to": [12, 13, 5],
			"rotation": {"angle": 0, "axis": "y", "origin": [11, 9, 4]},
			"faces": {
				"north": {"uv": [10.5, 0.5, 10.75, 1.5], "texture": "#0"},
				"east": {"uv": [10.75, 0.5, 11, 1.5], "texture": "#0"},
				"south": {"uv": [10.5, 0.5, 10.75, 1.5], "texture": "#0"},
				"west": {"uv": [10.75, 0.5, 11, 1.5], "texture": "#0"},
				"up": {"uv": [10.5, 1.5, 10.75, 1.75], "texture": "#0"},
				"down": {"uv": [10.5, 1.5, 10.75, 1.75], "texture": "#0"}
			}
		}
	],
	"display": {
		"thirdperson_righthand": {
			"rotation": [75, 45, 0],
			"translation": [0, 2.5, 0],
			"scale": [0.375, 0.375, 0.375]
		},
		"thirdperson_lefthand": {
			"rotation": [75, 45, 0],
			"translation": [0, 2.5, 0],
			"scale": [0.375, 0.375, 0.375]
		},
		"firstperson_righthand": {
			"rotation": [0, 45, 0],
			"scale": [0.4, 0.4, 0.4]
		},
		"firstperson_lefthand": {
			"rotation": [0, 225, 0],
			"scale": [0.4, 0.4, 0.4]
		},
		"ground": {
			"translation": [0, 3, 0],
			"scale": [0.25, 0.25, 0.25]
		},
		"gui": {
			"rotation": [30, 225, 0],
			"scale": [0.625, 0.625, 0.625]
		},
		"fixed": {
			"scale": [0.5, 0.5, 0.5]
		}
	}
}