{
	"credit": "Made with Blockbench",
	"texture_size": [64, 64],
	"textures": {
		"0": "the_vault:block/identification_stand",
		"particle": "the_vault:block/identification_stand"
	},
	"elements": [
		{
			"from": [1, 0, 1],
			"to": [15, 4, 15],
			"rotation": {"angle": 0, "axis": "y", "origin": [1, 0, 1]},
			"faces": {
				"north": {"uv": [4, 3.5, 7.5, 4.5], "texture": "#0"},
				"east": {"uv": [4, 3.5, 7.5, 4.5], "texture": "#0"},
				"south": {"uv": [4, 3.5, 7.5, 4.5], "texture": "#0"},
				"west": {"uv": [4, 3.5, 7.5, 4.5], "texture": "#0"},
				"up": {"uv": [4, 0, 7.5, 3.5], "texture": "#0"},
				"down": {"uv": [0.25, 7, 3.75, 10.5], "texture": "#0"}
			}
		},
		{
			"from": [5, 4, 5],
			"to": [11, 10, 11],
			"rotation": {"angle": 0, "axis": "y", "origin": [5, 4, 5]},
			"faces": {
				"north": {"uv": [7.75, 2, 9.25, 3.5], "texture": "#0"},
				"east": {"uv": [7.75, 2, 9.25, 3.5], "texture": "#0"},
				"south": {"uv": [7.75, 2, 9.25, 3.5], "texture": "#0"},
				"west": {"uv": [7.75, 2, 9.25, 3.5], "texture": "#0"},
				"up": {"uv": [7.75, 2, 9.25, 3.5], "texture": "#0"},
				"down": {"uv": [7.75, 2, 9.25, 3.5], "texture": "#0"}
			}
		},
		{
			"from": [4, 8, 4],
			"to": [12, 14, 12],
			"rotation": {"angle": 0, "axis": "y", "origin": [4, 8, 4]},
			"faces": {
				"north": {"uv": [7.5, 0, 9.5, 1.5], "texture": "#0"},
				"east": {"uv": [7.5, 0, 9.5, 1.5], "texture": "#0"},
				"south": {"uv": [7.5, 0, 9.5, 1.5], "texture": "#0"},
				"west": {"uv": [7.5, 0, 9.5, 1.5], "texture": "#0"},
				"up": {"uv": [7.5, 1.5, 9.5, 3.5], "texture": "#0"},
				"down": {"uv": [7.5, 1.5, 9.5, 3.5], "texture": "#0"}
			}
		},
		{
			"from": [0, 12, 0],
			"to": [16, 16, 16],
			"rotation": {"angle": -22.5, "axis": "x", "origin": [8, 14, 8]},
			"faces": {
				"north": {"uv": [0, 4, 4, 5], "texture": "#0"},
				"east": {"uv": [0, 6, 4, 7], "texture": "#0"},
				"south": {"uv": [0, 5, 4, 6], "texture": "#0"},
				"west": {"uv": [0, 6, 4, 7], "texture": "#0"},
				"up": {"uv": [0, 0, 4, 4], "texture": "#0"},
				"down": {"uv": [9.5, 0, 13.5, 4], "texture": "#0"}
			}
		},
		{
			"from": [0, 16, 6],
			"to": [4, 18, 10],
			"rotation": {"angle": -22.5, "axis": "x", "origin": [8, 14, 8]},
			"faces": {
				"north": {"uv": [5, 5.5, 6, 6], "texture": "#0"},
				"east": {"uv": [4, 5.5, 5, 6], "texture": "#0"},
				"south": {"uv": [6, 5.5, 5, 6], "texture": "#0"},
				"west": {"uv": [6, 5.5, 7, 6], "texture": "#0"},
				"up": {"uv": [6, 4.5, 5, 5.5], "texture": "#0"},
				"down": {"uv": [5, 6, 6, 7], "texture": "#0"}
			}
		},
		{
			"from": [12, 16, 6],
			"to": [16, 18, 10],
			"rotation": {"angle": -22.5, "axis": "x", "origin": [8, 14, 8]},
			"faces": {
				"north": {"uv": [6, 5.5, 5, 6], "texture": "#0"},
				"east": {"uv": [6, 5.5, 7, 6], "texture": "#0"},
				"south": {"uv": [5, 5.5, 6, 6], "texture": "#0"},
				"west": {"uv": [4, 5.5, 5, 6], "texture": "#0"},
				"up": {"uv": [5, 4.5, 6, 5.5], "texture": "#0"},
				"down": {"uv": [0, 0, 1, 1], "texture": "#0"}
			}
		},
		{
			"from": [6, 4, 3],
			"to": [10, 8, 5],
			"rotation": {"angle": 0, "axis": "y", "origin": [6, 4, 3]},
			"faces": {
				"north": {"uv": [4, 7.5, 5, 8.5], "texture": "#0"},
				"east": {"uv": [5.5, 7.5, 5, 8.5], "texture": "#0"},
				"south": {"uv": [4, 7.5, 5, 8.5], "texture": "#0"},
				"west": {"uv": [5, 7.5, 5.5, 8.5], "texture": "#0"},
				"up": {"uv": [4, 7, 5, 7.5], "texture": "#0"},
				"down": {"uv": [4, 7, 5, 7.5], "texture": "#0"}
			}
		},
		{
			"from": [6, 4, 11],
			"to": [10, 8, 13],
			"rotation": {"angle": 0, "axis": "y", "origin": [6, 4, 11]},
			"faces": {
				"north": {"uv": [4, 7.5, 5, 8.5], "texture": "#0"},
				"east": {"uv": [5, 7.5, 5.5, 8.5], "texture": "#0"},
				"south": {"uv": [4, 7.5, 5, 8.5], "texture": "#0"},
				"west": {"uv": [5.5, 7.5, 5, 8.5], "texture": "#0"},
				"up": {"uv": [4, 7, 5, 7.5], "texture": "#0"},
				"down": {"uv": [4, 7, 5, 7.5], "texture": "#0"}
			}
		},
		{
			"from": [11, 4, 6],
			"to": [13, 8, 10],
			"rotation": {"angle": 0, "axis": "y", "origin": [11, 4, 10]},
			"faces": {
				"north": {"uv": [5, 7.5, 5.5, 8.5], "texture": "#0"},
				"east": {"uv": [4, 7.5, 5, 8.5], "texture": "#0"},
				"south": {"uv": [5.5, 7.5, 5, 8.5], "texture": "#0"},
				"west": {"uv": [4, 7.5, 5, 8.5], "texture": "#0"},
				"up": {"uv": [4, 7, 5, 7.5], "rotation": 270, "texture": "#0"},
				"down": {"uv": [4, 7, 5, 7.5], "rotation": 90, "texture": "#0"}
			}
		},
		{
			"from": [3, 4, 6],
			"to": [5, 8, 10],
			"rotation": {"angle": 0, "axis": "y", "origin": [3, 4, 10]},
			"faces": {
				"north": {"uv": [5.5, 7.5, 5, 8.5], "texture": "#0"},
				"east": {"uv": [4, 7.5, 5, 8.5], "texture": "#0"},
				"south": {"uv": [5, 7.5, 5.5, 8.5], "texture": "#0"},
				"west": {"uv": [4, 7.5, 5, 8.5], "texture": "#0"},
				"up": {"uv": [4, 7, 5, 7.5], "rotation": 270, "texture": "#0"},
				"down": {"uv": [4, 7, 5, 7.5], "rotation": 90, "texture": "#0"}
			}
		},
		{
			"from": [4, 13.2, 16.2],
			"to": [12, 15.2, 16.2],
			"rotation": {"angle": 0, "axis": "y", "origin": [4, 13.25, 16]},
			"faces": {
				"north": {"uv": [7.5, 4.5, 9.5, 5], "texture": "#0"},
				"east": {"uv": [0, 15.5, 0, 16], "texture": "#0"},
				"south": {"uv": [7.5, 4.5, 9.5, 5], "texture": "#0"},
				"west": {"uv": [0, 15.5, 0, 16], "texture": "#0"},
				"up": {"uv": [0, 15.5, 1.5, 15.5], "texture": "#0"},
				"down": {"uv": [0, 15.5, 1.5, 15.5], "texture": "#0"}
			}
		},
		{
			"from": [4, 6.8, -0.2],
			"to": [12, 12.8, -0.2],
			"rotation": {"angle": 0, "axis": "y", "origin": [4, 6.75, -1]},
			"faces": {
				"north": {"uv": [7.5, 3.5, 9.5, 5], "texture": "#0"},
				"east": {"uv": [0, 15.5, 0, 16], "texture": "#0"},
				"south": {"uv": [7.5, 3.5, 9.5, 5], "texture": "#0"},
				"west": {"uv": [0, 15.5, 0, 16], "texture": "#0"},
				"up": {"uv": [0, 15.5, 1.5, 15.5], "texture": "#0"},
				"down": {"uv": [0, 15.5, 1.5, 15.5], "texture": "#0"}
			}
		}
	],
	"display": {
		"thirdperson_righthand": {
			"rotation": [75, 45, 0],
			"translation": [0, 2.5, 0],
			"scale": [0.375, 0.375, 0.375]
		},
		"thirdperson_lefthand": {
			"rotation": [75, 45, 0],
			"translation": [0, 2.5, 0],
			"scale": [0.375, 0.375, 0.375]
		},
		"firstperson_righthand": {
			"rotation": [0, 45, 0],
			"scale": [0.4, 0.4, 0.4]
		},
		"firstperson_lefthand": {
			"rotation": [0, 225, 0],
			"scale": [0.4, 0.4, 0.4]
		},
		"ground": {
			"translation": [0, 3, 0],
			"scale": [0.25, 0.25, 0.25]
		},
		"gui": {
			"rotation": [30, 225, 0],
			"scale": [0.625, 0.625, 0.625]
		},
		"fixed": {
			"scale": [0.5, 0.5, 0.5]
		}
	}
}