{
	"credit": "Made with Blockbench",
	"texture_size": [64, 64],
	"textures": {
		"1": "the_vault:block/jewel_cutting_station",
		"particle": "the_vault:block/jewel_cutting_station"
	},
	"elements": [
		{
			"from": [0, 8, 0],
			"to": [16, 12, 16],
			"faces": {
				"north": {"uv": [0, 4, 4, 5], "texture": "#1"},
				"east": {"uv": [0, 4, 4, 5], "texture": "#1"},
				"south": {"uv": [0, 4, 4, 5], "texture": "#1"},
				"west": {"uv": [0, 4, 4, 5], "texture": "#1"},
				"up": {"uv": [0, 0, 4, 4], "rotation": 180, "texture": "#1"},
				"down": {"uv": [0, 5, 4, 9], "texture": "#1"}
			}
		},
		{
			"from": [1, 0, 1],
			"to": [5, 8, 5],
			"faces": {
				"north": {"uv": [4, 0, 5, 2], "texture": "#1"},
				"east": {"uv": [4, 0, 5, 2], "texture": "#1"},
				"south": {"uv": [4, 0, 5, 2], "texture": "#1"},
				"west": {"uv": [4, 0, 5, 2], "texture": "#1"},
				"up": {"uv": [4, 2, 5, 3], "texture": "#1"},
				"down": {"uv": [4, 2, 5, 3], "texture": "#1"}
			}
		},
		{
			"from": [1, 0, 11],
			"to": [5, 8, 15],
			"faces": {
				"north": {"uv": [4, 0, 5, 2], "texture": "#1"},
				"east": {"uv": [4, 0, 5, 2], "texture": "#1"},
				"south": {"uv": [4, 0, 5, 2], "texture": "#1"},
				"west": {"uv": [4, 0, 5, 2], "texture": "#1"},
				"up": {"uv": [4, 2, 5, 3], "texture": "#1"},
				"down": {"uv": [4, 2, 5, 3], "texture": "#1"}
			}
		},
		{
			"from": [11, 0, 11],
			"to": [15, 8, 15],
			"faces": {
				"north": {"uv": [4, 0, 5, 2], "texture": "#1"},
				"east": {"uv": [4, 0, 5, 2], "texture": "#1"},
				"south": {"uv": [4, 0, 5, 2], "texture": "#1"},
				"west": {"uv": [4, 0, 5, 2], "texture": "#1"},
				"up": {"uv": [4, 2, 5, 3], "texture": "#1"},
				"down": {"uv": [4, 2, 5, 3], "texture": "#1"}
			}
		},
		{
			"from": [11, 0, 1],
			"to": [15, 8, 5],
			"faces": {
				"north": {"uv": [4, 0, 5, 2], "texture": "#1"},
				"east": {"uv": [4, 0, 5, 2], "texture": "#1"},
				"south": {"uv": [4, 0, 5, 2], "texture": "#1"},
				"west": {"uv": [4, 0, 5, 2], "texture": "#1"},
				"up": {"uv": [4, 2, 5, 3], "texture": "#1"},
				"down": {"uv": [4, 2, 5, 3], "texture": "#1"}
			}
		},
		{
			"from": [15, 3, 3],
			"to": [16, 5, 13],
			"faces": {
				"north": {"uv": [2.5, 9, 2.75, 9.5], "texture": "#1"},
				"east": {"uv": [0, 9.25, 2.5, 9.75], "texture": "#1"},
				"south": {"uv": [2.5, 9, 2.75, 9.5], "texture": "#1"},
				"west": {"uv": [0, 9.25, 2.5, 9.75], "texture": "#1"},
				"up": {"uv": [0, 9, 2.5, 9.25], "rotation": 270, "texture": "#1"},
				"down": {"uv": [0, 9.75, 2.5, 10], "rotation": 90, "texture": "#1"}
			}
		},
		{
			"from": [2, 3, 2],
			"to": [14, 5, 14],
			"faces": {
				"north": {"uv": [5, 3, 8, 3.5], "texture": "#1"},
				"east": {"uv": [5, 3, 8, 3.5], "texture": "#1"},
				"south": {"uv": [5, 3, 8, 3.5], "texture": "#1"},
				"west": {"uv": [5, 3, 8, 3.5], "texture": "#1"},
				"up": {"uv": [5, 0, 8, 3], "texture": "#1"},
				"down": {"uv": [5, 0, 8, 3], "texture": "#1"}
			}
		},
		{
			"from": [3, 12, 3],
			"to": [13, 13, 13],
			"faces": {
				"north": {"uv": [13.5, 15.75, 16, 16], "texture": "#1"},
				"east": {"uv": [13.5, 15.75, 16, 16], "texture": "#1"},
				"south": {"uv": [13.5, 15.75, 16, 16], "texture": "#1"},
				"west": {"uv": [13.5, 15.75, 16, 16], "texture": "#1"},
				"up": {"uv": [13.5, 13.25, 16, 15.75], "rotation": 270, "texture": "#1"},
				"down": {"uv": [13.5, 13.25, 16, 15.75], "texture": "#1"}
			}
		},
		{
			"from": [15, 5, 9.75],
			"to": [16, 7, 10.75],
			"faces": {
				"north": {"uv": [10.25, 14, 10.5, 14.5], "texture": "#1"},
				"east": {"uv": [10.25, 14, 10.5, 14.5], "texture": "#1"},
				"south": {"uv": [10.25, 14, 10.5, 14.5], "texture": "#1"},
				"west": {"uv": [10.25, 14, 10.5, 14.5], "texture": "#1"},
				"up": {"uv": [10.25, 14, 10.5, 14.25], "rotation": 90, "texture": "#1"},
				"down": {"uv": [10.25, 14, 10.5, 14.25], "rotation": 270, "texture": "#1"}
			}
		},
		{
			"from": [15, 5, 8.25],
			"to": [16, 7, 9.25],
			"faces": {
				"north": {"uv": [10.25, 14, 10.5, 14.5], "texture": "#1"},
				"east": {"uv": [10.25, 14, 10.5, 14.5], "texture": "#1"},
				"south": {"uv": [10.25, 14, 10.5, 14.5], "texture": "#1"},
				"west": {"uv": [10.25, 14, 10.5, 14.5], "texture": "#1"},
				"up": {"uv": [10.25, 14, 10.5, 14.25], "rotation": 90, "texture": "#1"},
				"down": {"uv": [10.25, 14, 10.5, 14.25], "rotation": 270, "texture": "#1"}
			}
		},
		{
			"from": [15, 0, 9.5],
			"to": [15.98, 5, 10.5],
			"rotation": {"angle": -22.5, "axis": "x", "origin": [16, 4, 10]},
			"faces": {
				"north": {"uv": [10.25, 14.5, 10.5, 16], "texture": "#1"},
				"east": {"uv": [10.25, 14.5, 10.5, 16], "texture": "#1"},
				"south": {"uv": [10.25, 14.5, 10.5, 16], "texture": "#1"},
				"west": {"uv": [10.25, 14.5, 10.5, 16], "texture": "#1"},
				"up": {"uv": [10.25, 14.5, 10.5, 14.75], "texture": "#1"},
				"down": {"uv": [10.25, 14.5, 10.5, 14.75], "texture": "#1"}
			}
		},
		{
			"from": [15, 0, 8.5],
			"to": [15.98, 5, 9.5],
			"rotation": {"angle": 22.5, "axis": "x", "origin": [16, 4, 9]},
			"faces": {
				"north": {"uv": [10.25, 14.5, 10.5, 16], "texture": "#1"},
				"east": {"uv": [10.25, 14.5, 10.5, 16], "texture": "#1"},
				"south": {"uv": [10.25, 14.5, 10.5, 16], "texture": "#1"},
				"west": {"uv": [10.25, 14.5, 10.5, 16], "texture": "#1"},
				"up": {"uv": [10.25, 14.5, 10.5, 14.75], "texture": "#1"},
				"down": {"uv": [10.25, 14.5, 10.5, 14.75], "texture": "#1"}
			}
		},
		{
			"from": [15.01, 0, 5],
			"to": [15.99, 7, 6],
			"faces": {
				"north": {"uv": [10.25, 14.25, 10.5, 16], "texture": "#1"},
				"east": {"uv": [10.25, 14.25, 10.5, 16], "texture": "#1"},
				"south": {"uv": [10.25, 14.25, 10.5, 16], "texture": "#1"},
				"west": {"uv": [10.25, 14.25, 10.5, 16], "texture": "#1"},
				"up": {"uv": [10.25, 14.25, 10.5, 14.5], "rotation": 90, "texture": "#1"},
				"down": {"uv": [10.25, 14.25, 10.5, 14.5], "rotation": 270, "texture": "#1"}
			}
		},
		{
			"from": [2, 12, 10],
			"to": [4, 14, 12],
			"faces": {
				"north": {"uv": [15.5, 12.5, 16, 13], "texture": "#1"},
				"east": {"uv": [15.5, 12.5, 16, 13], "texture": "#1"},
				"south": {"uv": [15.5, 12.5, 16, 13], "texture": "#1"},
				"west": {"uv": [15.5, 12.5, 16, 13], "texture": "#1"},
				"up": {"uv": [15.5, 12.5, 16, 13], "texture": "#1"},
				"down": {"uv": [15.5, 12.5, 16, 13], "texture": "#1"}
			}
		},
		{
			"from": [2, 12, 4],
			"to": [4, 14, 6],
			"faces": {
				"north": {"uv": [15.5, 12.5, 16, 13], "texture": "#1"},
				"east": {"uv": [15.5, 12.5, 16, 13], "texture": "#1"},
				"south": {"uv": [15.5, 12.5, 16, 13], "texture": "#1"},
				"west": {"uv": [15.5, 12.5, 16, 13], "texture": "#1"},
				"up": {"uv": [15.5, 12.5, 16, 13], "texture": "#1"},
				"down": {"uv": [15.5, 12.5, 16, 13], "texture": "#1"}
			}
		},
		{
			"from": [12, 12, 6],
			"to": [14, 14, 10],
			"faces": {
				"north": {"uv": [11.25, 15.25, 11.75, 15.75], "texture": "#1"},
				"east": {"uv": [10.5, 15.5, 11.5, 16], "texture": "#1"},
				"south": {"uv": [11.25, 15.25, 11.75, 15.75], "texture": "#1"},
				"west": {"uv": [10.5, 15.5, 11.5, 16], "texture": "#1"},
				"up": {"uv": [10.5, 15.25, 11.5, 15.75], "rotation": 90, "texture": "#1"},
				"down": {"uv": [10.5, 15.25, 11.5, 15.75], "rotation": 270, "texture": "#1"}
			}
		},
		{
			"from": [8, 16, 6],
			"to": [9, 17, 10],
			"rotation": {"angle": -22.5, "axis": "z", "origin": [11, 16, 8]},
			"faces": {
				"north": {"uv": [12.5, 14.75, 12.75, 15], "texture": "#1"},
				"east": {"uv": [12.5, 14.75, 13.5, 15], "texture": "#1"},
				"south": {"uv": [12.5, 14.75, 12.75, 15], "texture": "#1"},
				"west": {"uv": [12.5, 14.75, 13.5, 15], "texture": "#1"},
				"up": {"uv": [13.25, 13.75, 13.5, 14.75], "texture": "#1"},
				"down": {"uv": [13.25, 15, 13.5, 16], "texture": "#1"}
			}
		},
		{
			"from": [11, 16, 6],
			"to": [12, 17, 10],
			"rotation": {"angle": -22.5, "axis": "z", "origin": [11, 16, 8]},
			"faces": {
				"north": {"uv": [12.5, 14.75, 12.75, 15], "texture": "#1"},
				"east": {"uv": [12.5, 14.75, 13.5, 15], "texture": "#1"},
				"south": {"uv": [12.5, 14.75, 12.75, 15], "texture": "#1"},
				"west": {"uv": [12.5, 14.75, 13.5, 15], "texture": "#1"},
				"up": {"uv": [12.5, 13.75, 12.75, 14.75], "texture": "#1"},
				"down": {"uv": [12.5, 15, 12.75, 16], "texture": "#1"}
			}
		},
		{
			"from": [9, 16, 6],
			"to": [11, 17, 7],
			"rotation": {"angle": -22.5, "axis": "z", "origin": [11, 16, 8]},
			"faces": {
				"north": {"uv": [12.5, 14.75, 13, 15], "texture": "#1"},
				"east": {"uv": [12.5, 14.75, 12.75, 15], "texture": "#1"},
				"south": {"uv": [12.5, 14.75, 13, 15], "texture": "#1"},
				"west": {"uv": [12.5, 14.75, 12.75, 15], "texture": "#1"},
				"up": {"uv": [12.75, 14.5, 13.25, 14.75], "texture": "#1"},
				"down": {"uv": [12.75, 15.75, 13.25, 16], "texture": "#1"}
			}
		},
		{
			"from": [9, 16, 9],
			"to": [11, 17, 10],
			"rotation": {"angle": -22.5, "axis": "z", "origin": [11, 16, 8]},
			"faces": {
				"north": {"uv": [12.5, 14.75, 13, 15], "texture": "#1"},
				"east": {"uv": [12.5, 14.75, 12.75, 15], "texture": "#1"},
				"south": {"uv": [12.5, 14.75, 13, 15], "texture": "#1"},
				"west": {"uv": [12.5, 14.75, 12.75, 15], "texture": "#1"},
				"up": {"uv": [12.75, 13.75, 13.25, 14], "texture": "#1"},
				"down": {"uv": [12.75, 15, 13.25, 15.25], "texture": "#1"}
			}
		},
		{
			"from": [12.5, 13.5, 7],
			"to": [13.5, 16.5, 9],
			"rotation": {"angle": 45, "axis": "z", "origin": [13, 14, 8]},
			"faces": {
				"north": {"uv": [11.75, 15, 12, 15.75], "texture": "#1"},
				"east": {"uv": [12, 15, 12.5, 15.75], "texture": "#1"},
				"south": {"uv": [11.75, 15, 12, 15.75], "texture": "#1"},
				"west": {"uv": [12, 13.75, 12.5, 14.5], "texture": "#1"},
				"up": {"uv": [12, 14.75, 12.5, 15], "rotation": 270, "texture": "#1"},
				"down": {"uv": [12, 14.75, 12.5, 15], "rotation": 90, "texture": "#1"}
			}
		}
	],
	"display": {
		"thirdperson_righthand": {
			"rotation": [75, 45, 0],
			"translation": [0, 2.5, 0],
			"scale": [0.375, 0.375, 0.375]
		},
		"firstperson_righthand": {
			"rotation": [0, 45, 0],
			"scale": [0.4, 0.4, 0.4]
		},
		"ground": {
			"translation": [0, 3, 0],
			"scale": [0.25, 0.25, 0.25]
		},
		"gui": {
			"rotation": [30, 225, 0],
			"scale": [0.625, 0.625, 0.625]
		},
		"fixed": {
			"scale": [0.5, 0.5, 0.5]
		}
	}
}