{
	"credit": "Made with Blockbench",
	"texture_size": [32, 32],
	"textures": {
		"0": "the_vault:block/lodestone",
		"particle": "the_vault:block/lodestone"
	},
	"elements": [
		{
			"from": [5, 2, 5],
			"to": [11, 4, 11],
			"faces": {
				"north": {"uv": [10, 1, 13, 2], "texture": "#0"},
				"east": {"uv": [10, 1, 13, 2], "texture": "#0"},
				"south": {"uv": [10, 1, 13, 2], "texture": "#0"},
				"west": {"uv": [10, 1, 13, 2], "texture": "#0"},
				"up": {"uv": [7, 0, 10, 3], "texture": "#0"},
				"down": {"uv": [7, 0, 10, 3], "texture": "#0"}
			}
		},
		{
			"from": [5, 14, 5],
			"to": [11, 16, 11],
			"faces": {
				"north": {"uv": [10, 0, 13, 1], "texture": "#0"},
				"east": {"uv": [10, 0, 13, 1], "texture": "#0"},
				"south": {"uv": [10, 0, 13, 1], "texture": "#0"},
				"west": {"uv": [10, 0, 13, 1], "texture": "#0"},
				"up": {"uv": [4, 0, 7, 3], "texture": "#0"},
				"down": {"uv": [4, 0, 7, 3], "texture": "#0"}
			}
		},
		{
			"from": [4, 4, 4],
			"to": [12, 14, 12],
			"faces": {
				"north": {"uv": [0, 4, 4, 9], "texture": "#0"},
				"east": {"uv": [0, 4, 4, 9], "texture": "#0"},
				"south": {"uv": [0, 4, 4, 9], "texture": "#0"},
				"west": {"uv": [0, 4, 4, 9], "texture": "#0"},
				"up": {"uv": [0, 0, 4, 4], "texture": "#0"},
				"down": {"uv": [0, 9, 4, 13], "texture": "#0"}
			}
		}
	],
	"display": {
		"thirdperson_righthand": {
			"rotation": [75, 45, 0],
			"translation": [0, 2.5, 0],
			"scale": [0.375, 0.375, 0.375]
		},
		"firstperson_righthand": {
			"rotation": [0, 45, 0],
			"scale": [0.4, 0.4, 0.4]
		},
		"ground": {
			"scale": [0.25, 0.25, 0.25]
		},
		"gui": {
			"rotation": [30, 225, 0],
			"scale": [0.625, 0.625, 0.625]
		},
		"fixed": {
			"scale": [0.5, 0.5, 0.5]
		}
	}
}