{
	"credit": "Made with Blockbench",
	"texture_size": [64, 64],
	"parent": "minecraft:block/cube_all",
	"textures": {
		"0": "the_vault:block/magnet_table",
		"particle": "the_vault:block/magnet_table"
	},
	"elements": [
		{
			"from": [0, 0, 0],
			"to": [16, 4, 16],
			"faces": {
				"north": {"uv": [0, 8, 4, 9], "texture": "#0"},
				"east": {"uv": [0, 8, 4, 9], "texture": "#0"},
				"south": {"uv": [0, 8, 4, 9], "texture": "#0"},
				"west": {"uv": [0, 8, 4, 9], "texture": "#0"},
				"up": {"uv": [0, 4, 4, 8], "rotation": 180, "texture": "#0"},
				"down": {"uv": [0, 0, 4, 4], "texture": "#0"}
			}
		},
		{
			"from": [0, 12, 0],
			"to": [16, 16, 16],
			"faces": {
				"north": {"uv": [0, 8, 4, 9], "texture": "#0"},
				"east": {"uv": [0, 8, 4, 9], "texture": "#0"},
				"south": {"uv": [0, 8, 4, 9], "texture": "#0"},
				"west": {"uv": [0, 8, 4, 9], "texture": "#0"},
				"up": {"uv": [0, 0, 4, 4], "rotation": 180, "texture": "#0"},
				"down": {"uv": [0, 4, 4, 8], "texture": "#0"}
			}
		},
		{
			"from": [5, 4, 5],
			"to": [11, 12, 11],
			"faces": {
				"north": {"uv": [7, 2, 8.5, 4], "texture": "#0"},
				"east": {"uv": [7, 2, 8.5, 4], "texture": "#0"},
				"south": {"uv": [7, 2, 8.5, 4], "texture": "#0"},
				"west": {"uv": [7, 2, 8.5, 4], "texture": "#0"},
				"up": {"uv": [7, 0.5, 8.5, 2], "texture": "#0"},
				"down": {"uv": [7, 0.5, 8.5, 2], "texture": "#0"}
			}
		},
		{
			"from": [2, 7, 2],
			"to": [14, 9, 14],
			"faces": {
				"north": {"uv": [7, 0, 10, 0.5], "texture": "#0"},
				"east": {"uv": [7, 0, 10, 0.5], "texture": "#0"},
				"south": {"uv": [7, 0, 10, 0.5], "texture": "#0"},
				"west": {"uv": [7, 0, 10, 0.5], "texture": "#0"},
				"up": {"uv": [4, 0, 7, 3], "texture": "#0"},
				"down": {"uv": [4, 3, 7, 6], "texture": "#0"}
			}
		},
		{
			"from": [2, 10, 2],
			"to": [14, 11, 14],
			"faces": {
				"north": {"uv": [10, 0, 13, 0.25], "texture": "#0"},
				"east": {"uv": [10, 0, 13, 0.25], "texture": "#0"},
				"south": {"uv": [10, 0, 13, 0.25], "texture": "#0"},
				"west": {"uv": [10, 0, 13, 0.25], "texture": "#0"},
				"up": {"uv": [4, 0, 7, 3], "texture": "#0"},
				"down": {"uv": [4, 3, 7, 6], "texture": "#0"}
			}
		},
		{
			"from": [2, 5, 2],
			"to": [14, 6, 14],
			"faces": {
				"north": {"uv": [10, 0, 13, 0.25], "texture": "#0"},
				"east": {"uv": [10, 0, 13, 0.25], "texture": "#0"},
				"south": {"uv": [10, 0, 13, 0.25], "texture": "#0"},
				"west": {"uv": [10, 0, 13, 0.25], "texture": "#0"},
				"up": {"uv": [4, 0, 7, 3], "texture": "#0"},
				"down": {"uv": [4, 3, 7, 6], "texture": "#0"}
			}
		}
	]
}