{
	"credit": "Made with Blockbench",
	"texture_size": [32, 32],
	"textures": {
		"0": "the_vault:block/shop_pedestal",
		"particle": "the_vault:block/shop_pedestal"
	},
	"elements": [
		{
			"from": [0, 12, 0],
			"to": [16, 16, 16],
			"faces": {
				"north": {"uv": [0, 8, 8, 10], "texture": "#0"},
				"east": {"uv": [0, 8, 8, 10], "texture": "#0"},
				"south": {"uv": [0, 8, 8, 10], "texture": "#0"},
				"west": {"uv": [0, 8, 8, 10], "texture": "#0"},
				"up": {"uv": [0, 0, 8, 8], "texture": "#0"},
				"down": {"uv": [0, 0, 8, 8], "texture": "#0"}
			}
		},
		{
			"from": [4, 0, 4],
			"to": [12, 12, 12],
			"faces": {
				"north": {"uv": [8, 4, 12, 10], "texture": "#0"},
				"east": {"uv": [8, 4, 12, 10], "texture": "#0"},
				"south": {"uv": [8, 4, 12, 10], "texture": "#0"},
				"west": {"uv": [8, 4, 12, 10], "texture": "#0"},
				"up": {"uv": [8, 0, 12, 4], "texture": "#0"},
				"down": {"uv": [8, 0, 12, 4], "texture": "#0"}
			}
		},
		{
			"from": [6, 0, 1],
			"to": [10, 12, 5],
			"faces": {
				"north": {"uv": [14, 0, 16, 6], "texture": "#0"},
				"east": {"uv": [12, 0, 14, 6], "texture": "#0"},
				"south": {"uv": [12, 0, 14, 6], "texture": "#0"},
				"west": {"uv": [12, 0, 14, 6], "texture": "#0"},
				"up": {"uv": [12, 6, 14, 8], "texture": "#0"},
				"down": {"uv": [12, 6, 14, 8], "texture": "#0"}
			}
		},
		{
			"from": [1, 0, 6],
			"to": [5, 12, 10],
			"faces": {
				"north": {"uv": [12, 0, 14, 6], "texture": "#0"},
				"east": {"uv": [12, 0, 14, 6], "texture": "#0"},
				"south": {"uv": [12, 0, 14, 6], "texture": "#0"},
				"west": {"uv": [14, 0, 16, 6], "texture": "#0"},
				"up": {"uv": [12, 6, 14, 8], "texture": "#0"},
				"down": {"uv": [12, 6, 14, 8], "texture": "#0"}
			}
		},
		{
			"from": [11, 0, 6],
			"to": [15, 12, 10],
			"faces": {
				"north": {"uv": [12, 0, 14, 6], "texture": "#0"},
				"east": {"uv": [14, 0, 16, 6], "texture": "#0"},
				"south": {"uv": [12, 0, 14, 6], "texture": "#0"},
				"west": {"uv": [12, 0, 14, 6], "texture": "#0"},
				"up": {"uv": [12, 6, 14, 8], "texture": "#0"},
				"down": {"uv": [12, 6, 14, 8], "texture": "#0"}
			}
		},
		{
			"from": [6, 0, 11],
			"to": [10, 12, 15],
			"faces": {
				"north": {"uv": [12, 0, 14, 6], "texture": "#0"},
				"east": {"uv": [12, 0, 14, 6], "texture": "#0"},
				"south": {"uv": [14, 0, 16, 6], "texture": "#0"},
				"west": {"uv": [12, 0, 14, 6], "texture": "#0"},
				"up": {"uv": [12, 6, 14, 8], "texture": "#0"},
				"down": {"uv": [12, 6, 14, 8], "texture": "#0"}
			}
		},
		{
			"from": [7, 7, 0],
			"to": [9, 9, 2],
			"faces": {
				"north": {"uv": [3, 11, 4, 12], "texture": "#0"},
				"east": {"uv": [3, 11, 4, 12], "texture": "#0"},
				"south": {"uv": [3, 11, 4, 12], "texture": "#0"},
				"west": {"uv": [3, 11, 4, 12], "texture": "#0"},
				"up": {"uv": [3, 10, 4, 11], "texture": "#0"},
				"down": {"uv": [3, 12, 4, 13], "texture": "#0"}
			}
		},
		{
			"from": [0, 7, 7],
			"to": [2, 9, 9],
			"faces": {
				"north": {"uv": [3, 11, 4, 12], "texture": "#0"},
				"east": {"uv": [3, 11, 4, 12], "texture": "#0"},
				"south": {"uv": [3, 11, 4, 12], "texture": "#0"},
				"west": {"uv": [3, 11, 4, 12], "texture": "#0"},
				"up": {"uv": [3, 10, 4, 11], "texture": "#0"},
				"down": {"uv": [3, 12, 4, 13], "texture": "#0"}
			}
		},
		{
			"from": [7, 7, 14],
			"to": [9, 9, 16],
			"faces": {
				"north": {"uv": [3, 11, 4, 12], "texture": "#0"},
				"east": {"uv": [3, 11, 4, 12], "texture": "#0"},
				"south": {"uv": [3, 11, 4, 12], "texture": "#0"},
				"west": {"uv": [3, 11, 4, 12], "texture": "#0"},
				"up": {"uv": [3, 10, 4, 11], "texture": "#0"},
				"down": {"uv": [3, 12, 4, 13], "texture": "#0"}
			}
		},
		{
			"from": [14, 7, 7],
			"to": [16, 9, 9],
			"faces": {
				"north": {"uv": [3, 11, 4, 12], "texture": "#0"},
				"east": {"uv": [3, 11, 4, 12], "texture": "#0"},
				"south": {"uv": [3, 11, 4, 12], "texture": "#0"},
				"west": {"uv": [3, 11, 4, 12], "texture": "#0"},
				"up": {"uv": [3, 10, 4, 11], "texture": "#0"},
				"down": {"uv": [3, 12, 4, 13], "texture": "#0"}
			}
		},
		{
			"from": [5, 4, 0],
			"to": [11, 7, 6],
			"faces": {
				"north": {"uv": [0, 13, 3, 14.5], "texture": "#0"},
				"east": {"uv": [0, 13, 3, 14.5], "texture": "#0"},
				"south": {"uv": [0, 13, 3, 14.5], "texture": "#0"},
				"west": {"uv": [0, 13, 3, 14.5], "texture": "#0"},
				"up": {"uv": [0, 10, 3, 13], "texture": "#0"},
				"down": {"uv": [0, 10, 3, 13], "texture": "#0"}
			}
		},
		{
			"from": [0, 4, 5],
			"to": [6, 7, 11],
			"faces": {
				"north": {"uv": [0, 13, 3, 14.5], "texture": "#0"},
				"east": {"uv": [0, 13, 3, 14.5], "texture": "#0"},
				"south": {"uv": [0, 13, 3, 14.5], "texture": "#0"},
				"west": {"uv": [0, 13, 3, 14.5], "texture": "#0"},
				"up": {"uv": [0, 10, 3, 13], "texture": "#0"},
				"down": {"uv": [0, 10, 3, 13], "texture": "#0"}
			}
		},
		{
			"from": [5, 4, 10],
			"to": [11, 7, 16],
			"faces": {
				"north": {"uv": [0, 13, 3, 14.5], "texture": "#0"},
				"east": {"uv": [0, 13, 3, 14.5], "texture": "#0"},
				"south": {"uv": [0, 13, 3, 14.5], "texture": "#0"},
				"west": {"uv": [0, 13, 3, 14.5], "texture": "#0"},
				"up": {"uv": [0, 10, 3, 13], "texture": "#0"},
				"down": {"uv": [0, 10, 3, 13], "texture": "#0"}
			}
		},
		{
			"from": [10, 4, 5],
			"to": [16, 7, 11],
			"faces": {
				"north": {"uv": [0, 13, 3, 14.5], "texture": "#0"},
				"east": {"uv": [0, 13, 3, 14.5], "texture": "#0"},
				"south": {"uv": [0, 13, 3, 14.5], "texture": "#0"},
				"west": {"uv": [0, 13, 3, 14.5], "texture": "#0"},
				"up": {"uv": [0, 10, 3, 13], "texture": "#0"},
				"down": {"uv": [0, 10, 3, 13], "texture": "#0"}
			}
		}
	],
	"display": {
		"thirdperson_righthand": {
			"rotation": [75, 45, 0],
			"translation": [0, 2.5, 0],
			"scale": [0.375, 0.375, 0.375]
		},
		"firstperson_righthand": {
			"rotation": [0, 45, 0],
			"scale": [0.4, 0.4, 0.4]
		},
		"ground": {
			"translation": [0, 3, 0],
			"scale": [0.25, 0.25, 0.25]
		},
		"gui": {
			"rotation": [30, 225, 0],
			"scale": [0.625, 0.625, 0.625]
		},
		"fixed": {
			"scale": [0.5, 0.5, 0.5]
		}
	}
}