{
	"credit": "Made with Blockbench",
	"texture_size": [32, 32],
	"textures": {
		"0": "the_vault:block/skill_altar",
		"particle": "the_vault:block/skill_altar"
	},
	"elements": [
		{
			"from": [0, 0, 3],
			"to": [16, 4, 13],
			"faces": {
				"north": {"uv": [0, 5, 8, 7], "texture": "#0"},
				"east": {"uv": [8, 0, 13, 2], "texture": "#0"},
				"south": {"uv": [0, 5, 8, 7], "texture": "#0"},
				"west": {"uv": [8, 0, 13, 2], "texture": "#0"},
				"up": {"uv": [0, 0, 8, 5], "texture": "#0"},
				"down": {"uv": [0, 7, 8, 12], "texture": "#0"}
			}
		},
		{
			"from": [1, 4, 4],
			"to": [15, 6, 12],
			"faces": {
				"north": {"uv": [8, 6, 15, 7], "texture": "#0"},
				"east": {"uv": [8, 7, 12, 8], "texture": "#0"},
				"south": {"uv": [8, 6, 15, 7], "texture": "#0"},
				"west": {"uv": [8, 7, 12, 8], "texture": "#0"},
				"up": {"uv": [8, 2, 15, 6], "texture": "#0"},
				"down": {"uv": [8, 2, 15, 6], "texture": "#0"}
			}
		},
		{
			"from": [12, 6, 6],
			"to": [14, 8, 10],
			"faces": {
				"north": {"uv": [0, 14, 1, 15], "texture": "#0"},
				"east": {"uv": [1, 12, 3, 13], "texture": "#0"},
				"south": {"uv": [0, 14, 1, 15], "texture": "#0"},
				"west": {"uv": [1, 12, 3, 13], "texture": "#0"},
				"up": {"uv": [0, 12, 1, 14], "texture": "#0"},
				"down": {"uv": [0, 12, 1, 14], "texture": "#0"}
			}
		},
		{
			"from": [2, 6, 6],
			"to": [4, 8, 10],
			"faces": {
				"north": {"uv": [0, 14, 1, 15], "texture": "#0"},
				"east": {"uv": [1, 12, 3, 13], "texture": "#0"},
				"south": {"uv": [0, 14, 1, 15], "texture": "#0"},
				"west": {"uv": [1, 12, 3, 13], "texture": "#0"},
				"up": {"uv": [0, 12, 1, 14], "texture": "#0"},
				"down": {"uv": [0, 12, 1, 14], "texture": "#0"}
			}
		},
		{
			"from": [3, 6, 7.5],
			"to": [13, 16, 8.5],
			"faces": {
				"north": {"uv": [11, 11, 16, 16], "texture": "#0"},
				"east": {"uv": [11, 11, 11.5, 16], "texture": "#0"},
				"south": {"uv": [11, 11, 16, 16], "texture": "#0"},
				"west": {"uv": [11, 11, 11.5, 16], "texture": "#0"},
				"up": {"uv": [11, 11, 16, 11.5], "texture": "#0"},
				"down": {"uv": [11, 11, 16, 11.5], "texture": "#0"}
			}
		}
	],
	"display": {
		"thirdperson_righthand": {
			"rotation": [75, 45, 0],
			"translation": [0, 2.5, 0],
			"scale": [0.375, 0.375, 0.375]
		},
		"firstperson_righthand": {
			"rotation": [0, -60, 0],
			"translation": [0, 3.5, 0],
			"scale": [0.4, 0.4, 0.4]
		},
		"gui": {
			"rotation": [30, 225, 0],
			"scale": [0.625, 0.625, 0.625]
		},
		"fixed": {
			"scale": [0.5, 0.5, 0.5]
		}
	}
}