{
	"credit": "Made with Blockbench",
	"texture_size": [128, 128],
	"textures": {
		"0": "the_vault:block/task_pillar",
		"1": "the_vault:block/task_pillar_lights",
		"particle": "the_vault:block/task_pillar"
	},
	"elements": [
		{
			"from": [1, 1, 1],
			"to": [15, 15, 15],
			"rotation": {"angle": 0, "axis": "y", "origin": [1, 1, 1]},
			"faces": {
				"north": {"uv": [2.125, 2.125, 3.875, 3.875], "texture": "#0"},
				"east": {"uv": [2.125, 2.125, 3.875, 3.875], "texture": "#0"},
				"south": {"uv": [2.125, 2.125, 3.875, 3.875], "texture": "#0"},
				"west": {"uv": [2.125, 2.125, 3.875, 3.875], "texture": "#0"},
				"up": {"uv": [2.125, 2.125, 3.875, 3.875], "texture": "#0"},
				"down": {"uv": [2.125, 2.125, 3.875, 3.875], "texture": "#0"}
			}
		},
		{
			"from": [3, 0, 0],
			"to": [5, 16, 16],
			"rotation": {"angle": 0, "axis": "y", "origin": [3, 0, 0]},
			"faces": {
				"north": {"uv": [3.375, 0, 3.625, 2], "texture": "#0"},
				"east": {"uv": [0, 2, 2, 4], "texture": "#0"},
				"south": {"uv": [2.375, 0, 2.625, 2], "texture": "#0"},
				"west": {"uv": [2, 2, 4, 4], "texture": "#0"},
				"up": {"uv": [2.375, 0, 2.625, 2], "texture": "#0"},
				"down": {"uv": [3.375, 0, 3.625, 2], "rotation": 180, "texture": "#0"}
			}
		},
		{
			"from": [11, 0, 0],
			"to": [13, 16, 16],
			"rotation": {"angle": 0, "axis": "y", "origin": [11, 0, 0]},
			"faces": {
				"north": {"uv": [2.375, 0, 2.625, 2], "texture": "#0"},
				"east": {"uv": [2, 2, 4, 4], "texture": "#0"},
				"south": {"uv": [3.375, 0, 3.625, 2], "texture": "#0"},
				"west": {"uv": [0, 2, 2, 4], "texture": "#0"},
				"up": {"uv": [3.375, 0, 3.625, 2], "texture": "#0"},
				"down": {"uv": [2.375, 0, 2.625, 2], "rotation": 180, "texture": "#0"}
			}
		},
		{
			"from": [0, 0, 3],
			"to": [16, 16, 5],
			"rotation": {"angle": 0, "axis": "y", "origin": [0, 0, 3]},
			"faces": {
				"north": {"uv": [2, 2, 4, 3.9375], "texture": "#0"},
				"east": {"uv": [3.375, 0, 3.625, 2], "texture": "#0"},
				"south": {"uv": [0, 1.9375, 2, 3.9375], "texture": "#0"},
				"west": {"uv": [2.375, 0, 2.625, 2], "texture": "#0"},
				"up": {"uv": [2, 1.375, 4, 1.625], "texture": "#0"},
				"down": {"uv": [2, 1.375, 4, 1.625], "rotation": 180, "texture": "#0"}
			}
		},
		{
			"from": [0, 0, 11],
			"to": [16, 16, 13],
			"rotation": {"angle": 0, "axis": "y", "origin": [0, 0, 11]},
			"faces": {
				"north": {"uv": [0, 2, 2, 4], "texture": "#0"},
				"east": {"uv": [2.375, 0, 2.625, 2], "texture": "#0"},
				"south": {"uv": [2, 2, 4, 4], "texture": "#0"},
				"west": {"uv": [3.375, 0, 3.625, 2], "texture": "#0"},
				"up": {"uv": [2, 0.375, 4, 0.625], "texture": "#0"},
				"down": {"uv": [2, 1.375, 4, 1.625], "rotation": 180, "texture": "#0"}
			}
		},
		{
			"from": [0, 3, 0],
			"to": [16, 5, 16],
			"rotation": {"angle": 0, "axis": "y", "origin": [0, 3, 0]},
			"faces": {
				"north": {"uv": [2, 1.375, 4, 1.625], "texture": "#0"},
				"east": {"uv": [2, 1.375, 4, 1.625], "texture": "#0"},
				"south": {"uv": [2, 1.375, 4, 1.625], "texture": "#0"},
				"west": {"uv": [2, 1.375, 4, 1.625], "texture": "#0"},
				"up": {"uv": [0, 0, 2, 2], "texture": "#0"},
				"down": {"uv": [0, 2, 2, 4], "texture": "#0"}
			}
		},
		{
			"from": [0, 11, 0],
			"to": [16, 13, 16],
			"rotation": {"angle": 0, "axis": "y", "origin": [0, 11, 0]},
			"faces": {
				"north": {"uv": [2, 0.375, 4, 0.625], "texture": "#0"},
				"east": {"uv": [2, 0.375, 4, 0.625], "texture": "#0"},
				"south": {"uv": [2, 0.375, 4, 0.625], "texture": "#0"},
				"west": {"uv": [2, 0.375, 4, 0.625], "texture": "#0"},
				"up": {"uv": [0, 0, 2, 2], "texture": "#0"},
				"down": {"uv": [0, 2, 2, 4], "texture": "#0"}
			}
		},
		{
			"from": [1, 1, 1],
			"to": [15, 15, 15],
			"rotation": {"angle": 0, "axis": "y", "origin": [1, 1, 1]},
			"faces": {
				"north": {"uv": [4, 0, 5.75, 1.75], "texture": "#1", "tintindex": 1},
				"east": {"uv": [4, 0, 5.75, 1.75], "texture": "#1", "tintindex": 1},
				"south": {"uv": [4, 0, 5.75, 1.75], "texture": "#1", "tintindex": 1},
				"west": {"uv": [4, 0, 5.75, 1.75], "texture": "#1", "tintindex": 1},
				"up": {"uv": [4, 0, 5.75, 1.75], "texture": "#1", "tintindex": 1},
				"down": {"uv": [4, 0, 5.75, 1.75], "texture": "#1", "tintindex": 1}
			}
		}
	],
	"display": {
		"thirdperson_righthand": {
			"rotation": [75, 45, 0],
			"translation": [0, 2.5, 0],
			"scale": [0.375, 0.375, 0.375]
		},
		"thirdperson_lefthand": {
			"rotation": [75, 45, 0],
			"translation": [0, 2.5, 0],
			"scale": [0.375, 0.375, 0.375]
		},
		"firstperson_righthand": {
			"rotation": [0, 45, 0],
			"scale": [0.4, 0.4, 0.4]
		},
		"firstperson_lefthand": {
			"rotation": [0, 225, 0],
			"scale": [0.4, 0.4, 0.4]
		},
		"ground": {
			"translation": [0, 3, 0],
			"scale": [0.25, 0.25, 0.25]
		},
		"gui": {
			"rotation": [30, 225, 0],
			"scale": [0.625, 0.625, 0.625]
		},
		"fixed": {
			"scale": [0.5, 0.5, 0.5]
		}
	}
}