{
	"credit": "Made with Blockbench",
	"texture_size": [64, 64],
	"textures": {
		"1": "the_vault:block/jewel_application_station",
		"particle": "the_vault:block/jewel_application_station"
	},
	"elements": [
		{
			"from": [0, 8, 0],
			"to": [16, 12, 16],
			"faces": {
				"north": {"uv": [0, 4, 4, 5], "texture": "#1"},
				"east": {"uv": [0, 4, 4, 5], "texture": "#1"},
				"south": {"uv": [0, 4, 4, 5], "texture": "#1"},
				"west": {"uv": [0, 4, 4, 5], "texture": "#1"},
				"up": {"uv": [0, 0, 4, 4], "rotation": 180, "texture": "#1"},
				"down": {"uv": [0, 5, 4, 9], "texture": "#1"}
			}
		},
		{
			"from": [1, 0, 1],
			"to": [5, 8, 5],
			"faces": {
				"north": {"uv": [4, 0, 5, 2], "texture": "#1"},
				"east": {"uv": [4, 0, 5, 2], "texture": "#1"},
				"south": {"uv": [4, 0, 5, 2], "texture": "#1"},
				"west": {"uv": [4, 0, 5, 2], "texture": "#1"},
				"up": {"uv": [4, 2, 5, 3], "texture": "#1"},
				"down": {"uv": [4, 2, 5, 3], "texture": "#1"}
			}
		},
		{
			"from": [1, 0, 11],
			"to": [5, 8, 15],
			"faces": {
				"north": {"uv": [4, 0, 5, 2], "texture": "#1"},
				"east": {"uv": [4, 0, 5, 2], "texture": "#1"},
				"south": {"uv": [4, 0, 5, 2], "texture": "#1"},
				"west": {"uv": [4, 0, 5, 2], "texture": "#1"},
				"up": {"uv": [4, 2, 5, 3], "texture": "#1"},
				"down": {"uv": [4, 2, 5, 3], "texture": "#1"}
			}
		},
		{
			"from": [11, 0, 11],
			"to": [15, 8, 15],
			"faces": {
				"north": {"uv": [4, 0, 5, 2], "texture": "#1"},
				"east": {"uv": [4, 0, 5, 2], "texture": "#1"},
				"south": {"uv": [4, 0, 5, 2], "texture": "#1"},
				"west": {"uv": [4, 0, 5, 2], "texture": "#1"},
				"up": {"uv": [4, 2, 5, 3], "texture": "#1"},
				"down": {"uv": [4, 2, 5, 3], "texture": "#1"}
			}
		},
		{
			"from": [11, 0, 1],
			"to": [15, 8, 5],
			"faces": {
				"north": {"uv": [4, 0, 5, 2], "texture": "#1"},
				"east": {"uv": [4, 0, 5, 2], "texture": "#1"},
				"south": {"uv": [4, 0, 5, 2], "texture": "#1"},
				"west": {"uv": [4, 0, 5, 2], "texture": "#1"},
				"up": {"uv": [4, 2, 5, 3], "texture": "#1"},
				"down": {"uv": [4, 2, 5, 3], "texture": "#1"}
			}
		},
		{
			"from": [3, 3, 0],
			"to": [13, 5, 1],
			"faces": {
				"north": {"uv": [0, 9.25, 2.5, 9.75], "texture": "#1"},
				"east": {"uv": [2.5, 9, 2.75, 9.5], "texture": "#1"},
				"south": {"uv": [0, 9.25, 2.5, 9.75], "texture": "#1"},
				"west": {"uv": [2.5, 9, 2.75, 9.5], "texture": "#1"},
				"up": {"uv": [0, 9, 2.5, 9.25], "rotation": 180, "texture": "#1"},
				"down": {"uv": [0, 9.75, 2.5, 10], "rotation": 180, "texture": "#1"}
			}
		},
		{
			"from": [2, 3, 2],
			"to": [14, 5, 14],
			"faces": {
				"north": {"uv": [5, 3, 8, 3.5], "texture": "#1"},
				"east": {"uv": [5, 3, 8, 3.5], "texture": "#1"},
				"south": {"uv": [5, 3, 8, 3.5], "texture": "#1"},
				"west": {"uv": [5, 3, 8, 3.5], "texture": "#1"},
				"up": {"uv": [5, 0, 8, 3], "texture": "#1"},
				"down": {"uv": [5, 0, 8, 3], "texture": "#1"}
			}
		},
		{
			"from": [3, 12, 3],
			"to": [13, 13, 13],
			"faces": {
				"north": {"uv": [13.5, 15.75, 16, 16], "texture": "#1"},
				"east": {"uv": [13.5, 15.75, 16, 16], "texture": "#1"},
				"south": {"uv": [13.5, 15.75, 16, 16], "texture": "#1"},
				"west": {"uv": [13.5, 15.75, 16, 16], "texture": "#1"},
				"up": {"uv": [13.5, 13.25, 16, 15.75], "rotation": 270, "texture": "#1"},
				"down": {"uv": [13.5, 13.25, 16, 15.75], "texture": "#1"}
			}
		},
		{
			"from": [9, 0, 0.01],
			"to": [10, 5, 0.99],
			"faces": {
				"north": {"uv": [12, 14.5, 12.25, 15.75], "texture": "#1"},
				"east": {"uv": [12, 14.5, 12.25, 15.75], "texture": "#1"},
				"south": {"uv": [12, 14.5, 12.25, 15.75], "texture": "#1"},
				"west": {"uv": [12, 14.5, 12.25, 15.75], "texture": "#1"},
				"up": {"uv": [12, 14.5, 12.25, 14.75], "texture": "#1"},
				"down": {"uv": [12, 14.5, 12.25, 14.75], "texture": "#1"}
			}
		},
		{
			"from": [7, 5, 0],
			"to": [12, 7, 1],
			"faces": {
				"north": {"uv": [11.5, 14, 12.75, 14.5], "texture": "#1"},
				"east": {"uv": [11.5, 14, 11.75, 14.5], "texture": "#1"},
				"south": {"uv": [11.5, 14, 12.75, 14.5], "texture": "#1"},
				"west": {"uv": [12.5, 14, 12.75, 14.5], "texture": "#1"},
				"up": {"uv": [11.5, 14, 12.75, 14.25], "texture": "#1"},
				"down": {"uv": [11.5, 14.25, 12.75, 14.5], "texture": "#1"}
			}
		},
		{
			"from": [4, 13, 10],
			"to": [8, 14, 12],
			"rotation": {"angle": 22.5, "axis": "x", "origin": [8, 13, 10]},
			"faces": {
				"north": {"uv": [12.75, 15, 13, 16], "rotation": 90, "texture": "#1"},
				"east": {"uv": [13, 14.75, 13.5, 15], "texture": "#1"},
				"south": {"uv": [12.75, 15, 13, 16], "rotation": 90, "texture": "#1"},
				"west": {"uv": [13, 14.75, 13.5, 15], "texture": "#1"},
				"up": {"uv": [13, 13.75, 13.5, 14.75], "rotation": 270, "texture": "#1"},
				"down": {"uv": [13, 15, 13.5, 16], "rotation": 90, "texture": "#1"}
			}
		},
		{
			"from": [4, 13, 4],
			"to": [8, 14, 6],
			"rotation": {"angle": -22.5, "axis": "x", "origin": [8, 13, 6]},
			"faces": {
				"north": {"uv": [12.75, 15, 13, 16], "rotation": 90, "texture": "#1"},
				"east": {"uv": [13, 14.75, 13.5, 15], "texture": "#1"},
				"south": {"uv": [12.75, 15, 13, 16], "rotation": 90, "texture": "#1"},
				"west": {"uv": [13, 14.75, 13.5, 15], "texture": "#1"},
				"up": {"uv": [13, 13.75, 13.5, 14.75], "rotation": 90, "texture": "#1"},
				"down": {"uv": [13, 15, 13.5, 16], "rotation": 270, "texture": "#1"}
			}
		}
	],
	"display": {
		"thirdperson_righthand": {
			"rotation": [75, 45, 0],
			"translation": [0, 2.5, 0],
			"scale": [0.375, 0.375, 0.375]
		},
		"firstperson_righthand": {
			"rotation": [0, 45, 0],
			"scale": [0.4, 0.4, 0.4]
		},
		"ground": {
			"translation": [0, 3, 0],
			"scale": [0.25, 0.25, 0.25]
		},
		"gui": {
			"rotation": [30, 225, 0],
			"scale": [0.625, 0.625, 0.625]
		},
		"fixed": {
			"scale": [0.5, 0.5, 0.5]
		}
	}
}