{
	"credit": "Made with Blockbench",
	"textures": {
		"1": "the_vault:block/loot_crate_frame",
		"2": "the_vault:block/loot_crate_top",
		"3": "the_vault:block/cake_loot_crate",
		"particle": "the_vault:block/cake_loot_crate"
	},
	"elements": [
		{
			"from": [2, 1, 2],
			"to": [14, 13, 14],
			"faces": {
				"north": {"uv": [2, 2, 14, 14], "texture": "#3"},
				"east": {"uv": [2, 2, 14, 14], "texture": "#3"},
				"south": {"uv": [2, 2, 14, 14], "texture": "#3"},
				"west": {"uv": [2, 2, 14, 14], "texture": "#3"},
				"up": {"uv": [2, 2, 14, 14], "texture": "#2"},
				"down": {"uv": [2, 2, 14, 14], "texture": "#2"}
			}
		},
		{
			"from": [1, 0, 1],
			"to": [3, 14, 3],
			"faces": {
				"north": {"uv": [13, 1, 15, 15], "texture": "#1"},
				"east": {"uv": [13, 1, 15, 15], "texture": "#1"},
				"south": {"uv": [1, 1, 3, 15], "texture": "#1"},
				"west": {"uv": [1, 1, 3, 15], "texture": "#1"},
				"up": {"uv": [1, 1, 3, 3], "texture": "#1"},
				"down": {"uv": [1, 13, 3, 15], "texture": "#1"}
			}
		},
		{
			"from": [1, 0, 13],
			"to": [3, 14, 15],
			"faces": {
				"north": {"uv": [1, 1, 3, 15], "texture": "#1"},
				"east": {"uv": [1, 1, 3, 15], "texture": "#1"},
				"south": {"uv": [1, 1, 3, 15], "texture": "#1"},
				"west": {"uv": [13, 1, 15, 15], "texture": "#1"},
				"up": {"uv": [1, 13, 3, 15], "texture": "#1"},
				"down": {"uv": [1, 1, 3, 3], "texture": "#1"}
			}
		},
		{
			"from": [13, 0, 13],
			"to": [15, 14, 15],
			"faces": {
				"north": {"uv": [1, 1, 3, 15], "texture": "#1"},
				"east": {"uv": [1, 1, 3, 15], "texture": "#1"},
				"south": {"uv": [13, 1, 15, 15], "texture": "#1"},
				"west": {"uv": [13, 1, 15, 15], "texture": "#1"},
				"up": {"uv": [13, 13, 15, 15], "texture": "#1"},
				"down": {"uv": [13, 1, 15, 3], "texture": "#1"}
			}
		},
		{
			"from": [13, 0, 1],
			"to": [15, 14, 3],
			"faces": {
				"north": {"uv": [1, 1, 3, 15], "texture": "#1"},
				"east": {"uv": [13, 1, 15, 15], "texture": "#1"},
				"south": {"uv": [13, 1, 15, 15], "texture": "#1"},
				"west": {"uv": [1, 1, 3, 15], "texture": "#1"},
				"up": {"uv": [13, 1, 15, 3], "texture": "#1"},
				"down": {"uv": [13, 13, 15, 15], "texture": "#1"}
			}
		},
		{
			"from": [3, 0, 1],
			"to": [13, 2, 3],
			"faces": {
				"north": {"uv": [3, 13, 13, 15], "texture": "#1"},
				"east": {"uv": [13, 13, 15, 15], "texture": "#1"},
				"south": {"uv": [3, 13, 13, 15], "texture": "#1"},
				"west": {"uv": [1, 13, 3, 15], "texture": "#1"},
				"up": {"uv": [3, 1, 13, 3], "texture": "#1"},
				"down": {"uv": [3, 13, 13, 15], "texture": "#1"}
			}
		},
		{
			"from": [3, 0, 13],
			"to": [13, 2, 15],
			"faces": {
				"north": {"uv": [3, 13, 13, 15], "texture": "#1"},
				"east": {"uv": [13, 13, 15, 15], "texture": "#1"},
				"south": {"uv": [3, 13, 13, 15], "texture": "#1"},
				"west": {"uv": [1, 13, 3, 15], "texture": "#1"},
				"up": {"uv": [3, 13, 13, 15], "texture": "#1"},
				"down": {"uv": [3, 1, 13, 3], "texture": "#1"}
			}
		},
		{
			"from": [3, 12, 13],
			"to": [13, 14, 15],
			"faces": {
				"north": {"uv": [3, 1, 13, 3], "texture": "#1"},
				"east": {"uv": [13, 13, 15, 15], "texture": "#1"},
				"south": {"uv": [3, 1, 13, 3], "texture": "#1"},
				"west": {"uv": [1, 13, 3, 15], "texture": "#1"},
				"up": {"uv": [3, 13, 13, 15], "texture": "#1"},
				"down": {"uv": [3, 1, 13, 3], "texture": "#1"}
			}
		},
		{
			"from": [3, 12, 1],
			"to": [13, 14, 3],
			"faces": {
				"north": {"uv": [3, 1, 13, 3], "texture": "#1"},
				"east": {"uv": [13, 13, 15, 15], "texture": "#1"},
				"south": {"uv": [3, 1, 13, 3], "texture": "#1"},
				"west": {"uv": [1, 13, 3, 15], "texture": "#1"},
				"up": {"uv": [3, 1, 13, 3], "texture": "#1"},
				"down": {"uv": [3, 13, 13, 15], "texture": "#1"}
			}
		},
		{
			"from": [1, 0, 3],
			"to": [3, 2, 13],
			"faces": {
				"north": {"uv": [1, 13, 3, 15], "texture": "#1"},
				"east": {"uv": [13, 3, 15, 13], "rotation": 90, "texture": "#1"},
				"south": {"uv": [13, 13, 15, 15], "texture": "#1"},
				"west": {"uv": [13, 3, 15, 13], "rotation": 90, "texture": "#1"},
				"up": {"uv": [1, 3, 3, 13], "texture": "#1"},
				"down": {"uv": [1, 3, 3, 13], "texture": "#1"}
			}
		},
		{
			"from": [1, 12, 3],
			"to": [3, 14, 13],
			"faces": {
				"north": {"uv": [1, 13, 3, 15], "texture": "#1"},
				"east": {"uv": [1, 3, 3, 13], "rotation": 90, "texture": "#1"},
				"south": {"uv": [13, 13, 15, 15], "texture": "#1"},
				"west": {"uv": [1, 3, 3, 13], "rotation": 90, "texture": "#1"},
				"up": {"uv": [1, 3, 3, 13], "texture": "#1"},
				"down": {"uv": [1, 3, 3, 13], "texture": "#1"}
			}
		},
		{
			"from": [13, 0, 3],
			"to": [15, 2, 13],
			"faces": {
				"north": {"uv": [1, 13, 3, 15], "texture": "#1"},
				"east": {"uv": [13, 3, 15, 13], "rotation": 90, "texture": "#1"},
				"south": {"uv": [13, 13, 15, 15], "texture": "#1"},
				"west": {"uv": [13, 3, 15, 13], "rotation": 90, "texture": "#1"},
				"up": {"uv": [13, 3, 15, 13], "texture": "#1"},
				"down": {"uv": [13, 3, 15, 13], "texture": "#1"}
			}
		},
		{
			"from": [13, 12, 3],
			"to": [15, 14, 13],
			"faces": {
				"north": {"uv": [1, 13, 3, 15], "texture": "#1"},
				"east": {"uv": [1, 3, 3, 13], "rotation": 90, "texture": "#1"},
				"south": {"uv": [13, 13, 15, 15], "texture": "#1"},
				"west": {"uv": [1, 3, 3, 13], "rotation": 90, "texture": "#1"},
				"up": {"uv": [13, 3, 15, 13], "texture": "#1"},
				"down": {"uv": [13, 3, 15, 13], "texture": "#1"}
			}
		}
	],
	"display": {
		"thirdperson_righthand": {
			"rotation": [75, 45, 0],
			"translation": [0, 2.5, 0],
			"scale": [0.375, 0.375, 0.375]
		},
		"thirdperson_lefthand": {
			"rotation": [75, 45, 0],
			"translation": [0, 2.5, 0],
			"scale": [0.375, 0.375, 0.375]
		},
		"firstperson_righthand": {
			"rotation": [0, 45, 0],
			"scale": [0.4, 0.4, 0.4]
		},
		"firstperson_lefthand": {
			"rotation": [0, 225, 0],
			"scale": [0.4, 0.4, 0.4]
		},
		"ground": {
			"translation": [0, 3, 0],
			"scale": [0.25, 0.25, 0.25]
		},
		"gui": {
			"rotation": [30, 225, 0],
			"scale": [0.625, 0.625, 0.625]
		},
		"fixed": {
			"scale": [0.5, 0.5, 0.5]
		}
	}
}