{
	"credit": "Made with Blockbench",
	"texture_size": [64, 64],
	"textures": {
		"1": "the_vault:block/vault_diffuser_core",
		"2": "the_vault:block/vault_harvester",
		"particle": "the_vault:block/vault_harvester"
	},
	"elements": [
		{
			"from": [1, 0, 1],
			"to": [15, 2, 15],
			"faces": {
				"north": {"uv": [4, 3.5, 7.5, 4], "texture": "#2"},
				"east": {"uv": [4, 3.5, 7.5, 4], "texture": "#2"},
				"south": {"uv": [4, 3.5, 7.5, 4], "texture": "#2"},
				"west": {"uv": [4, 3.5, 7.5, 4], "texture": "#2"},
				"up": {"uv": [4, 0, 7.5, 3.5], "rotation": 180, "texture": "#2"},
				"down": {"uv": [4, 0, 7.5, 3.5], "texture": "#2"}
			}
		},
		{
			"from": [3, 2, 3],
			"to": [13, 3, 13],
			"faces": {
				"north": {"uv": [3, 14, 13, 15], "texture": "#1"},
				"east": {"uv": [3, 14, 13, 15], "texture": "#1"},
				"south": {"uv": [3, 14, 13, 15], "texture": "#1"},
				"west": {"uv": [3, 14, 13, 15], "texture": "#1"},
				"up": {"uv": [7.5, 0, 10, 2.5], "texture": "#2"},
				"down": {"uv": [7.5, 0, 10, 2.5], "texture": "#2"}
			}
		},
		{
			"from": [0, 3, 0],
			"to": [16, 7, 4],
			"faces": {
				"north": {"uv": [0, 8, 4, 9], "texture": "#2"},
				"east": {"uv": [3, 8, 4, 9], "texture": "#2"},
				"south": {"uv": [0, 9, 4, 10], "texture": "#2"},
				"west": {"uv": [0, 8, 1, 9], "texture": "#2"},
				"up": {"uv": [0, 7, 4, 8], "rotation": 180, "texture": "#2"},
				"down": {"uv": [0, 7, 4, 8], "texture": "#2"}
			}
		},
		{
			"from": [0, 3, 12],
			"to": [16, 7, 16],
			"faces": {
				"north": {"uv": [0, 9, 4, 10], "texture": "#2"},
				"east": {"uv": [0, 8, 1, 9], "texture": "#2"},
				"south": {"uv": [0, 8, 4, 9], "texture": "#2"},
				"west": {"uv": [3, 8, 4, 9], "texture": "#2"},
				"up": {"uv": [0, 4, 4, 5], "rotation": 180, "texture": "#2"},
				"down": {"uv": [0, 4, 4, 5], "texture": "#2"}
			}
		},
		{
			"from": [0, 3, 4],
			"to": [4, 7, 12],
			"faces": {
				"north": {"uv": [3, 8, 4, 9], "texture": "#2"},
				"east": {"uv": [1, 9, 3, 10], "texture": "#2"},
				"south": {"uv": [0, 8, 1, 9], "texture": "#2"},
				"west": {"uv": [1, 8, 3, 9], "texture": "#2"},
				"up": {"uv": [3, 4.75, 4, 6.75], "rotation": 180, "texture": "#2"},
				"down": {"uv": [0, 5, 1, 7], "texture": "#2"}
			}
		},
		{
			"from": [12, 3, 4],
			"to": [16, 7, 12],
			"faces": {
				"north": {"uv": [3, 8, 4, 9], "texture": "#2"},
				"east": {"uv": [1, 8, 3, 9], "texture": "#2"},
				"south": {"uv": [0, 8, 1, 9], "texture": "#2"},
				"west": {"uv": [1, 9, 3, 10], "texture": "#2"},
				"up": {"uv": [0, 5, 1, 7], "rotation": 180, "texture": "#2"},
				"down": {"uv": [3, 5, 4, 7], "texture": "#2"}
			}
		},
		{
			"from": [5, 3, 5],
			"to": [11, 5, 11],
			"faces": {
				"north": {"uv": [5, 11, 11, 13], "texture": "#1"},
				"east": {"uv": [11, 5, 13, 11], "rotation": 90, "texture": "#1"},
				"south": {"uv": [5, 3, 11, 5], "texture": "#1"},
				"west": {"uv": [3, 5, 5, 11], "rotation": 90, "texture": "#1"},
				"up": {"uv": [5, 5, 11, 11], "texture": "#1"},
				"down": {"uv": [5, 5, 11, 11], "texture": "#1"}
			}
		},
		{
			"from": [1, 7, 1],
			"to": [4, 15, 4],
			"rotation": {"angle": 0, "axis": "y", "origin": [1, 7, 1]},
			"faces": {
				"north": {"uv": [4, 4.75, 4.75, 6.75], "texture": "#2"},
				"east": {"uv": [4, 4.75, 4.75, 6.75], "texture": "#2"},
				"south": {"uv": [4, 4.75, 4.75, 6.75], "texture": "#2"},
				"west": {"uv": [4, 4.75, 4.75, 6.75], "texture": "#2"},
				"up": {"uv": [0, 0, 0.75, 0.75], "texture": "#1"},
				"down": {"uv": [4, 6.5, 4.75, 7.25], "texture": "#2"}
			}
		},
		{
			"from": [0, 13, 0],
			"to": [5, 14, 5],
			"rotation": {"angle": 0, "axis": "y", "origin": [0, 13, 0]},
			"faces": {
				"north": {"uv": [4.75, 5.25, 6, 5.5], "texture": "#2"},
				"east": {"uv": [4.75, 5.25, 6, 5.5], "texture": "#2"},
				"south": {"uv": [4.75, 5.25, 6, 5.5], "texture": "#2"},
				"west": {"uv": [4.75, 5.25, 6, 5.5], "texture": "#2"},
				"up": {"uv": [4.75, 4, 6, 5.25], "texture": "#2"},
				"down": {"uv": [11, 0, 16, 5], "texture": "#1"}
			}
		},
		{
			"from": [0, 11, 0],
			"to": [5, 12, 5],
			"rotation": {"angle": 0, "axis": "y", "origin": [0, 11, 0]},
			"faces": {
				"north": {"uv": [11, 7, 16, 8], "texture": "#1"},
				"east": {"uv": [11, 7, 16, 8], "texture": "#1"},
				"south": {"uv": [0, 7, 5, 8], "texture": "#1"},
				"west": {"uv": [0, 7, 5, 8], "texture": "#1"},
				"up": {"uv": [11, 11, 16, 16], "texture": "#1"},
				"down": {"uv": [11, 0, 16, 5], "texture": "#1"}
			}
		},
		{
			"from": [0, 9, 0],
			"to": [5, 10, 5],
			"rotation": {"angle": 0, "axis": "y", "origin": [0, 9, 0]},
			"faces": {
				"north": {"uv": [4.75, 5.25, 6, 5.5], "texture": "#2"},
				"east": {"uv": [4.75, 5.25, 6, 5.5], "texture": "#2"},
				"south": {"uv": [4.75, 5.25, 6, 5.5], "texture": "#2"},
				"west": {"uv": [4.75, 5.25, 6, 5.5], "texture": "#2"},
				"up": {"uv": [11, 11, 16, 16], "texture": "#1"},
				"down": {"uv": [4.75, 4, 6, 5.25], "texture": "#2"}
			}
		},
		{
			"from": [1, 15, 1],
			"to": [4, 16, 4],
			"rotation": {"angle": 0, "axis": "y", "origin": [1, 15, 1]},
			"faces": {
				"north": {"uv": [12, 2, 15, 3], "texture": "#1"},
				"east": {"uv": [1, 2, 4, 3], "texture": "#1"},
				"south": {"uv": [1, 2, 4, 3], "texture": "#1"},
				"west": {"uv": [12, 2, 15, 3], "texture": "#1"},
				"up": {"uv": [12, 12, 15, 15], "texture": "#1"},
				"down": {"uv": [12, 12, 15, 15], "texture": "#1"}
			}
		},
		{
			"from": [1, 15, 12],
			"to": [4, 16, 15],
			"rotation": {"angle": 0, "axis": "y", "origin": [1, 15, 12]},
			"faces": {
				"north": {"uv": [12, 2, 15, 3], "texture": "#1"},
				"east": {"uv": [1, 2, 4, 3], "texture": "#1"},
				"south": {"uv": [1, 2, 4, 3], "texture": "#1"},
				"west": {"uv": [12, 2, 15, 3], "texture": "#1"},
				"up": {"uv": [12, 1, 15, 4], "texture": "#1"},
				"down": {"uv": [12, 1, 15, 4], "texture": "#1"}
			}
		},
		{
			"from": [0, 9, 11],
			"to": [5, 10, 16],
			"rotation": {"angle": 0, "axis": "y", "origin": [0, 9, 11]},
			"faces": {
				"north": {"uv": [4.75, 5.25, 6, 5.5], "texture": "#2"},
				"east": {"uv": [4.75, 5.25, 6, 5.5], "texture": "#2"},
				"south": {"uv": [4.75, 5.25, 6, 5.5], "texture": "#2"},
				"west": {"uv": [4.75, 5.25, 6, 5.5], "texture": "#2"},
				"up": {"uv": [11, 0, 16, 5], "texture": "#1"},
				"down": {"uv": [4.75, 4, 6, 5.25], "texture": "#2"}
			}
		},
		{
			"from": [0, 11, 11],
			"to": [5, 12, 16],
			"rotation": {"angle": 0, "axis": "y", "origin": [0, 11, 11]},
			"faces": {
				"north": {"uv": [11, 7, 16, 8], "texture": "#1"},
				"east": {"uv": [0, 7, 5, 8], "texture": "#1"},
				"south": {"uv": [0, 7, 5, 8], "texture": "#1"},
				"west": {"uv": [11, 7, 16, 8], "texture": "#1"},
				"up": {"uv": [11, 0, 16, 5], "texture": "#1"},
				"down": {"uv": [11, 11, 16, 16], "texture": "#1"}
			}
		},
		{
			"from": [0, 13, 11],
			"to": [5, 14, 16],
			"rotation": {"angle": 0, "axis": "y", "origin": [0, 13, 11]},
			"faces": {
				"north": {"uv": [4.75, 5.25, 6, 5.5], "texture": "#2"},
				"east": {"uv": [4.75, 5.25, 6, 5.5], "texture": "#2"},
				"south": {"uv": [4.75, 5.25, 6, 5.5], "texture": "#2"},
				"west": {"uv": [4.75, 5.25, 6, 5.5], "texture": "#2"},
				"up": {"uv": [4.75, 4, 6, 5.25], "texture": "#2"},
				"down": {"uv": [11, 11, 16, 16], "texture": "#1"}
			}
		},
		{
			"from": [1, 7, 12],
			"to": [4, 15, 15],
			"rotation": {"angle": 0, "axis": "y", "origin": [1, 7, 12]},
			"faces": {
				"north": {"uv": [4, 4.75, 4.75, 6.75], "texture": "#2"},
				"east": {"uv": [4, 4.75, 4.75, 6.75], "texture": "#2"},
				"south": {"uv": [4, 4.75, 4.75, 6.75], "texture": "#2"},
				"west": {"uv": [4, 4.75, 4.75, 6.75], "texture": "#2"},
				"up": {"uv": [0, 0, 0.75, 0.75], "texture": "#1"},
				"down": {"uv": [4, 6.5, 4.75, 7.25], "texture": "#2"}
			}
		},
		{
			"from": [12, 15, 1],
			"to": [15, 16, 4],
			"rotation": {"angle": 0, "axis": "y", "origin": [12, 15, 1]},
			"faces": {
				"north": {"uv": [1, 2, 4, 3], "texture": "#1"},
				"east": {"uv": [12, 2, 15, 3], "texture": "#1"},
				"south": {"uv": [12, 2, 15, 3], "texture": "#1"},
				"west": {"uv": [1, 2, 4, 3], "texture": "#1"},
				"up": {"uv": [1, 12, 4, 15], "texture": "#1"},
				"down": {"uv": [1, 12, 4, 15], "texture": "#1"}
			}
		},
		{
			"from": [11, 9, 0],
			"to": [16, 10, 5],
			"rotation": {"angle": 0, "axis": "y", "origin": [11, 9, 0]},
			"faces": {
				"north": {"uv": [4.75, 5.25, 6, 5.5], "texture": "#2"},
				"east": {"uv": [4.75, 5.25, 6, 5.5], "texture": "#2"},
				"south": {"uv": [4.75, 5.25, 6, 5.5], "texture": "#2"},
				"west": {"uv": [4.75, 5.25, 6, 5.5], "texture": "#2"},
				"up": {"uv": [0, 11, 5, 16], "texture": "#1"},
				"down": {"uv": [4.75, 4, 6, 5.25], "texture": "#2"}
			}
		},
		{
			"from": [11, 11, 0],
			"to": [16, 12, 5],
			"rotation": {"angle": 0, "axis": "y", "origin": [11, 11, 0]},
			"faces": {
				"north": {"uv": [0, 7, 5, 8], "texture": "#1"},
				"east": {"uv": [11, 7, 16, 8], "texture": "#1"},
				"south": {"uv": [11, 7, 16, 8], "texture": "#1"},
				"west": {"uv": [0, 7, 5, 8], "texture": "#1"},
				"up": {"uv": [0, 11, 5, 16], "texture": "#1"},
				"down": {"uv": [0, 0, 5, 5], "texture": "#1"}
			}
		},
		{
			"from": [11, 13, 0],
			"to": [16, 14, 5],
			"rotation": {"angle": 0, "axis": "y", "origin": [11, 13, 0]},
			"faces": {
				"north": {"uv": [4.75, 5.25, 6, 5.5], "texture": "#2"},
				"east": {"uv": [4.75, 5.25, 6, 5.5], "texture": "#2"},
				"south": {"uv": [4.75, 5.25, 6, 5.5], "texture": "#2"},
				"west": {"uv": [4.75, 5.25, 6, 5.5], "texture": "#2"},
				"up": {"uv": [4.75, 4, 6, 5.25], "texture": "#2"},
				"down": {"uv": [0, 0, 5, 5], "texture": "#1"}
			}
		},
		{
			"from": [12, 7, 1],
			"to": [15, 15, 4],
			"rotation": {"angle": 0, "axis": "y", "origin": [12, 7, 1]},
			"faces": {
				"north": {"uv": [4, 4.75, 4.75, 6.75], "texture": "#2"},
				"east": {"uv": [4, 4.75, 4.75, 6.75], "texture": "#2"},
				"south": {"uv": [4, 4.75, 4.75, 6.75], "texture": "#2"},
				"west": {"uv": [4, 4.75, 4.75, 6.75], "texture": "#2"},
				"up": {"uv": [0, 0, 0.75, 0.75], "texture": "#1"},
				"down": {"uv": [4, 6.5, 4.75, 7.25], "texture": "#2"}
			}
		},
		{
			"from": [12, 15, 12],
			"to": [15, 16, 15],
			"rotation": {"angle": 0, "axis": "y", "origin": [12, 15, 12]},
			"faces": {
				"north": {"uv": [1, 2, 4, 3], "texture": "#1"},
				"east": {"uv": [1, 2, 4, 3], "texture": "#1"},
				"south": {"uv": [12, 2, 15, 3], "texture": "#1"},
				"west": {"uv": [12, 2, 15, 3], "texture": "#1"},
				"up": {"uv": [1, 1, 4, 4], "texture": "#1"},
				"down": {"uv": [1, 1, 4, 4], "texture": "#1"}
			}
		},
		{
			"from": [11, 9, 11],
			"to": [16, 10, 16],
			"rotation": {"angle": 0, "axis": "y", "origin": [11, 9, 11]},
			"faces": {
				"north": {"uv": [4.75, 5.25, 6, 5.5], "texture": "#2"},
				"east": {"uv": [4.75, 5.25, 6, 5.5], "texture": "#2"},
				"south": {"uv": [4.75, 5.25, 6, 5.5], "texture": "#2"},
				"west": {"uv": [4.75, 5.25, 6, 5.5], "texture": "#2"},
				"up": {"uv": [0, 0, 5, 5], "texture": "#1"},
				"down": {"uv": [4.75, 4, 6, 5.25], "texture": "#2"}
			}
		},
		{
			"from": [11, 11, 11],
			"to": [16, 12, 16],
			"rotation": {"angle": 0, "axis": "y", "origin": [11, 11, 11]},
			"faces": {
				"north": {"uv": [0, 7, 5, 8], "texture": "#1"},
				"east": {"uv": [0, 7, 5, 8], "texture": "#1"},
				"south": {"uv": [11, 7, 16, 8], "texture": "#1"},
				"west": {"uv": [11, 7, 16, 8], "texture": "#1"},
				"up": {"uv": [0, 0, 5, 5], "texture": "#1"},
				"down": {"uv": [0, 11, 5, 16], "texture": "#1"}
			}
		},
		{
			"from": [11, 13, 11],
			"to": [16, 14, 16],
			"rotation": {"angle": 0, "axis": "y", "origin": [11, 13, 11]},
			"faces": {
				"north": {"uv": [4.75, 5.25, 6, 5.5], "texture": "#2"},
				"east": {"uv": [4.75, 5.25, 6, 5.5], "texture": "#2"},
				"south": {"uv": [4.75, 5.25, 6, 5.5], "texture": "#2"},
				"west": {"uv": [4.75, 5.25, 6, 5.5], "texture": "#2"},
				"up": {"uv": [4.75, 4, 6, 5.25], "texture": "#2"},
				"down": {"uv": [0, 11, 5, 16], "texture": "#1"}
			}
		},
		{
			"from": [12, 7, 12],
			"to": [15, 15, 15],
			"rotation": {"angle": 0, "axis": "y", "origin": [12, 7, 12]},
			"faces": {
				"north": {"uv": [4, 4.75, 4.75, 6.75], "texture": "#2"},
				"east": {"uv": [4, 4.75, 4.75, 6.75], "texture": "#2"},
				"south": {"uv": [4, 4.75, 4.75, 6.75], "texture": "#2"},
				"west": {"uv": [4, 4.75, 4.75, 6.75], "texture": "#2"},
				"up": {"uv": [0, 0, 0.75, 0.75], "texture": "#1"},
				"down": {"uv": [4, 6.5, 4.75, 7.25], "texture": "#2"}
			}
		}
	],
	"display": {
		"thirdperson_righthand": {
			"rotation": [75, 45, 0],
			"translation": [0, 2.5, 0],
			"scale": [0.375, 0.375, 0.375]
		},
		"thirdperson_lefthand": {
			"rotation": [75, 45, 0],
			"translation": [0, 2.5, 0],
			"scale": [0.375, 0.375, 0.375]
		},
		"firstperson_righthand": {
			"rotation": [0, 45, 0],
			"scale": [0.4, 0.4, 0.4]
		},
		"firstperson_lefthand": {
			"rotation": [0, 225, 0],
			"scale": [0.4, 0.4, 0.4]
		},
		"ground": {
			"translation": [0, 3, 0],
			"scale": [0.25, 0.25, 0.25]
		},
		"gui": {
			"rotation": [30, 225, 0],
			"scale": [0.625, 0.625, 0.625]
		},
		"head": {
			"rotation": [0, 180, 0]
		},
		"fixed": {
			"scale": [0.5, 0.5, 0.5]
		}
	}
}