{
	"credit": "Made with Blockbench",
	"texture_size": [64, 64],
	"textures": {
		"0": "the_vault:block/vault_recycler",
		"1": "block/lava_flow",
		"particle": "the_vault:block/vault_recycler"
	},
	"elements": [
		{
			"from": [0, 0, 0],
			"to": [16, 4, 16],
			"faces": {
				"north": {"uv": [0, 8, 4, 9], "texture": "#0"},
				"east": {"uv": [0, 8, 4, 9], "texture": "#0"},
				"south": {"uv": [0, 8, 4, 9], "texture": "#0"},
				"west": {"uv": [0, 8, 4, 9], "texture": "#0"},
				"up": {"uv": [0, 0, 4, 4], "rotation": 180, "texture": "#0"},
				"down": {"uv": [0, 0, 4, 4], "texture": "#0"}
			}
		},
		{
			"from": [3, 4, 3],
			"to": [13, 6, 13],
			"faces": {
				"north": {"uv": [7, 2.5, 9.5, 3], "texture": "#0"},
				"east": {"uv": [7, 2.5, 9.5, 3], "texture": "#0"},
				"south": {"uv": [7, 2.5, 9.5, 3], "texture": "#0"},
				"west": {"uv": [7, 2.5, 9.5, 3], "texture": "#0"},
				"up": {"uv": [7, 0, 9.5, 2.5], "texture": "#0"},
				"down": {"uv": [7, 0, 9.5, 2.5], "texture": "#0"}
			}
		},
		{
			"from": [3, 9, 3],
			"to": [13, 10, 13],
			"faces": {
				"north": {"uv": [7, 3.25, 9.5, 3.5], "texture": "#0"},
				"east": {"uv": [7, 3.25, 9.5, 3.5], "texture": "#0"},
				"south": {"uv": [7, 3.25, 9.5, 3.5], "texture": "#0"},
				"west": {"uv": [7, 3.25, 9.5, 3.5], "texture": "#0"},
				"up": {"uv": [7, 0, 9.5, 2.5], "texture": "#0"},
				"down": {"uv": [7, 0, 9.5, 2.5], "texture": "#0"}
			}
		},
		{
			"from": [2, 4, 2],
			"to": [4, 9, 4],
			"faces": {
				"north": {"uv": [4.75, 3.5, 5.25, 4.75], "texture": "#0"},
				"east": {"uv": [5.25, 3.5, 5.75, 4.75], "texture": "#0"},
				"south": {"uv": [4.75, 3.5, 5.25, 4.75], "texture": "#0"},
				"west": {"uv": [5.25, 3.5, 5.75, 4.75], "texture": "#0"},
				"up": {"uv": [4.75, 4.75, 5.25, 5.25], "texture": "#0"},
				"down": {"uv": [4.75, 4.75, 5.25, 5.25], "texture": "#0"}
			}
		},
		{
			"from": [2, 4, 12],
			"to": [4, 9, 14],
			"faces": {
				"north": {"uv": [4.75, 3.5, 5.25, 4.75], "texture": "#0"},
				"east": {"uv": [5.25, 3.5, 5.75, 4.75], "texture": "#0"},
				"south": {"uv": [4.75, 3.5, 5.25, 4.75], "texture": "#0"},
				"west": {"uv": [5.25, 3.5, 5.75, 4.75], "texture": "#0"},
				"up": {"uv": [4.75, 4.75, 5.25, 5.25], "texture": "#0"},
				"down": {"uv": [4.75, 4.75, 5.25, 5.25], "texture": "#0"}
			}
		},
		{
			"from": [12, 4, 2],
			"to": [14, 9, 4],
			"faces": {
				"north": {"uv": [4.75, 3.5, 5.25, 4.75], "texture": "#0"},
				"east": {"uv": [5.25, 3.5, 5.75, 4.75], "texture": "#0"},
				"south": {"uv": [4.75, 3.5, 5.25, 4.75], "texture": "#0"},
				"west": {"uv": [5.25, 3.5, 5.75, 4.75], "texture": "#0"},
				"up": {"uv": [4.75, 4.75, 5.25, 5.25], "texture": "#0"},
				"down": {"uv": [4.75, 4.75, 5.25, 5.25], "texture": "#0"}
			}
		},
		{
			"from": [12, 4, 12],
			"to": [14, 9, 14],
			"faces": {
				"north": {"uv": [4.75, 3.5, 5.25, 4.75], "texture": "#0"},
				"east": {"uv": [5.25, 3.5, 5.75, 4.75], "texture": "#0"},
				"south": {"uv": [4.75, 3.5, 5.25, 4.75], "texture": "#0"},
				"west": {"uv": [5.25, 3.5, 5.75, 4.75], "texture": "#0"},
				"up": {"uv": [4.75, 4.75, 5.25, 5.25], "texture": "#0"},
				"down": {"uv": [4.75, 4.75, 5.25, 5.25], "texture": "#0"}
			}
		},
		{
			"from": [2, 10, 2],
			"to": [14, 12, 14],
			"faces": {
				"north": {"uv": [4, 3, 7, 3.5], "texture": "#0"},
				"east": {"uv": [4, 3, 7, 3.5], "texture": "#0"},
				"south": {"uv": [4, 3, 7, 3.5], "texture": "#0"},
				"west": {"uv": [4, 3, 7, 3.5], "texture": "#0"},
				"up": {"uv": [4, 0, 7, 3], "texture": "#0"},
				"down": {"uv": [4, 0, 7, 3], "texture": "#0"}
			}
		},
		{
			"from": [1, 8, 1],
			"to": [5, 12, 5],
			"faces": {
				"north": {"uv": [4, 3.5, 5, 4.5], "texture": "#0"},
				"east": {"uv": [4, 3.5, 5, 4.5], "texture": "#0"},
				"south": {"uv": [4, 3.5, 5, 4.5], "texture": "#0"},
				"west": {"uv": [4, 3.5, 5, 4.5], "texture": "#0"},
				"up": {"uv": [4, 4.5, 5, 5.5], "texture": "#0"},
				"down": {"uv": [4, 4.5, 5, 5.5], "texture": "#0"}
			}
		},
		{
			"from": [1, 8, 11],
			"to": [5, 12, 15],
			"faces": {
				"north": {"uv": [4, 3.5, 5, 4.5], "texture": "#0"},
				"east": {"uv": [4, 3.5, 5, 4.5], "texture": "#0"},
				"south": {"uv": [4, 3.5, 5, 4.5], "texture": "#0"},
				"west": {"uv": [4, 3.5, 5, 4.5], "texture": "#0"},
				"up": {"uv": [4, 4.5, 5, 5.5], "texture": "#0"},
				"down": {"uv": [4, 4.5, 5, 5.5], "texture": "#0"}
			}
		},
		{
			"from": [11, 8, 1],
			"to": [15, 12, 5],
			"faces": {
				"north": {"uv": [4, 3.5, 5, 4.5], "texture": "#0"},
				"east": {"uv": [4, 3.5, 5, 4.5], "texture": "#0"},
				"south": {"uv": [4, 3.5, 5, 4.5], "texture": "#0"},
				"west": {"uv": [4, 3.5, 5, 4.5], "texture": "#0"},
				"up": {"uv": [4, 4.5, 5, 5.5], "texture": "#0"},
				"down": {"uv": [4, 4.5, 5, 5.5], "texture": "#0"}
			}
		},
		{
			"from": [11, 8, 11],
			"to": [15, 12, 15],
			"faces": {
				"north": {"uv": [4, 3.5, 5, 4.5], "texture": "#0"},
				"east": {"uv": [4, 3.5, 5, 4.5], "texture": "#0"},
				"south": {"uv": [4, 3.5, 5, 4.5], "texture": "#0"},
				"west": {"uv": [4, 3.5, 5, 4.5], "texture": "#0"},
				"up": {"uv": [4, 4.5, 5, 5.5], "texture": "#0"},
				"down": {"uv": [4, 4.5, 5, 5.5], "texture": "#0"}
			}
		},
		{
			"from": [0, 12, 0],
			"to": [16, 16, 4],
			"faces": {
				"north": {"uv": [0, 8, 4, 9], "texture": "#0"},
				"east": {"uv": [3, 8, 4, 9], "texture": "#0"},
				"south": {"uv": [0, 9, 4, 10], "texture": "#0"},
				"west": {"uv": [0, 8, 1, 9], "texture": "#0"},
				"up": {"uv": [0, 7, 4, 8], "rotation": 180, "texture": "#0"},
				"down": {"uv": [0, 7, 4, 8], "texture": "#0"}
			}
		},
		{
			"from": [0, 12, 12],
			"to": [16, 16, 16],
			"faces": {
				"north": {"uv": [0, 9, 4, 10], "texture": "#0"},
				"east": {"uv": [0, 8, 1, 9], "texture": "#0"},
				"south": {"uv": [0, 8, 4, 9], "texture": "#0"},
				"west": {"uv": [3, 8, 4, 9], "texture": "#0"},
				"up": {"uv": [0, 4, 4, 5], "rotation": 180, "texture": "#0"},
				"down": {"uv": [0, 4, 4, 5], "texture": "#0"}
			}
		},
		{
			"from": [0, 12, 4],
			"to": [4, 16, 12],
			"faces": {
				"north": {"uv": [0, 8, 1, 9], "texture": "#0"},
				"east": {"uv": [1, 9, 3, 10], "texture": "#0"},
				"south": {"uv": [3, 8, 4, 9], "texture": "#0"},
				"west": {"uv": [1, 8, 3, 9], "texture": "#0"},
				"up": {"uv": [3, 5, 4, 7], "rotation": 180, "texture": "#0"},
				"down": {"uv": [3, 5, 4, 7], "texture": "#0"}
			}
		},
		{
			"from": [12, 12, 4],
			"to": [16, 16, 12],
			"faces": {
				"north": {"uv": [3, 8, 4, 9], "texture": "#0"},
				"east": {"uv": [1, 8, 3, 9], "texture": "#0"},
				"south": {"uv": [0, 8, 1, 9], "texture": "#0"},
				"west": {"uv": [1, 9, 3, 10], "texture": "#0"},
				"up": {"uv": [0, 5, 1, 7], "rotation": 180, "texture": "#0"},
				"down": {"uv": [0, 5, 1, 7], "texture": "#0"}
			}
		},
		{
			"from": [5, 6, 5],
			"to": [11, 14, 11],
			"faces": {
				"north": {"uv": [2, 0, 5, 4], "texture": "#1"},
				"east": {"uv": [2, 0, 5, 4], "texture": "#1"},
				"south": {"uv": [2, 0, 5, 4], "texture": "#1"},
				"west": {"uv": [2, 0, 5, 4], "texture": "#1"},
				"up": {"uv": [2, 2, 5, 5], "texture": "#1"},
				"down": {"uv": [2, 2, 5, 5], "texture": "#1"}
			}
		},
		{
			"from": [5, 14, 4],
			"to": [6, 15, 12],
			"faces": {
				"north": {"uv": [9.75, 0.25, 10, 0.5], "texture": "#0"},
				"east": {"uv": [9.5, 0.25, 11.5, 0.5], "texture": "#0"},
				"south": {"uv": [9.75, 0.25, 10, 0.5], "texture": "#0"},
				"west": {"uv": [9.5, 0.25, 11.5, 0.5], "texture": "#0"},
				"up": {"uv": [11, 0, 11.25, 2], "texture": "#0"},
				"down": {"uv": [9.75, 0, 10, 2], "texture": "#0"}
			}
		},
		{
			"from": [10, 14, 4],
			"to": [11, 15, 12],
			"faces": {
				"north": {"uv": [9.75, 0.25, 10, 0.5], "texture": "#0"},
				"east": {"uv": [9.5, 0.25, 11.5, 0.5], "texture": "#0"},
				"south": {"uv": [9.75, 0.25, 10, 0.5], "texture": "#0"},
				"west": {"uv": [9.5, 0.25, 11.5, 0.5], "texture": "#0"},
				"up": {"uv": [9.75, 0, 10, 2], "texture": "#0"},
				"down": {"uv": [9.75, 0, 10, 2], "texture": "#0"}
			}
		},
		{
			"from": [4, 14, 5],
			"to": [12, 15, 6],
			"faces": {
				"north": {"uv": [9.5, 0.25, 11.5, 0.5], "texture": "#0"},
				"east": {"uv": [9.75, 0.25, 10, 0.5], "texture": "#0"},
				"south": {"uv": [9.5, 0.25, 11.5, 0.5], "texture": "#0"},
				"west": {"uv": [9.75, 0.25, 10, 0.5], "texture": "#0"},
				"up": {"uv": [9.5, 1.5, 11.5, 1.75], "texture": "#0"},
				"down": {"uv": [9.75, 0, 10, 2], "rotation": 90, "texture": "#0"}
			}
		},
		{
			"from": [4, 14, 10],
			"to": [12, 15, 11],
			"faces": {
				"north": {"uv": [9.5, 0.25, 11.5, 0.5], "texture": "#0"},
				"east": {"uv": [9.75, 0.25, 10, 0.5], "texture": "#0"},
				"south": {"uv": [9.5, 0.25, 11.5, 0.5], "texture": "#0"},
				"west": {"uv": [9.75, 0.25, 10, 0.5], "texture": "#0"},
				"up": {"uv": [9.5, 0.25, 11.5, 0.5], "texture": "#0"},
				"down": {"uv": [9.75, 0, 10, 2], "rotation": 90, "texture": "#0"}
			}
		},
		{
			"from": [4, 6, 6],
			"to": [5, 9, 7],
			"faces": {
				"north": {"uv": [11.5, 0, 11.75, 0.75], "texture": "#0"},
				"east": {"uv": [11.5, 0, 11.75, 0.75], "texture": "#0"},
				"south": {"uv": [11.5, 0, 11.75, 0.75], "texture": "#0"},
				"west": {"uv": [11.5, 0, 11.75, 0.75], "texture": "#0"},
				"up": {"uv": [11.5, 0, 11.75, 0.25], "texture": "#0"},
				"down": {"uv": [11.5, 0, 11.75, 0.25], "texture": "#0"}
			}
		},
		{
			"from": [4, 6, 9],
			"to": [5, 9, 10],
			"faces": {
				"north": {"uv": [11.5, 0, 11.75, 0.75], "texture": "#0"},
				"east": {"uv": [11.5, 0, 11.75, 0.75], "texture": "#0"},
				"south": {"uv": [11.5, 0, 11.75, 0.75], "texture": "#0"},
				"west": {"uv": [11.5, 0, 11.75, 0.75], "texture": "#0"},
				"up": {"uv": [11.5, 0, 11.75, 0.25], "texture": "#0"},
				"down": {"uv": [11.5, 0, 11.75, 0.25], "texture": "#0"}
			}
		},
		{
			"from": [6, 6, 11],
			"to": [7, 9, 12],
			"faces": {
				"north": {"uv": [11.5, 0, 11.75, 0.75], "texture": "#0"},
				"east": {"uv": [11.5, 0, 11.75, 0.75], "texture": "#0"},
				"south": {"uv": [11.5, 0, 11.75, 0.75], "texture": "#0"},
				"west": {"uv": [11.5, 0, 11.75, 0.75], "texture": "#0"},
				"up": {"uv": [11.5, 0, 11.75, 0.25], "texture": "#0"},
				"down": {"uv": [11.5, 0, 11.75, 0.25], "texture": "#0"}
			}
		},
		{
			"from": [9, 6, 11],
			"to": [10, 9, 12],
			"faces": {
				"north": {"uv": [11.5, 0, 11.75, 0.75], "texture": "#0"},
				"east": {"uv": [11.5, 0, 11.75, 0.75], "texture": "#0"},
				"south": {"uv": [11.5, 0, 11.75, 0.75], "texture": "#0"},
				"west": {"uv": [11.5, 0, 11.75, 0.75], "texture": "#0"},
				"up": {"uv": [11.5, 0, 11.75, 0.25], "texture": "#0"},
				"down": {"uv": [11.5, 0, 11.75, 0.25], "texture": "#0"}
			}
		},
		{
			"from": [11, 6, 9],
			"to": [12, 9, 10],
			"faces": {
				"north": {"uv": [11.5, 0, 11.75, 0.75], "texture": "#0"},
				"east": {"uv": [11.5, 0, 11.75, 0.75], "texture": "#0"},
				"south": {"uv": [11.5, 0, 11.75, 0.75], "texture": "#0"},
				"west": {"uv": [11.5, 0, 11.75, 0.75], "texture": "#0"},
				"up": {"uv": [11.5, 0, 11.75, 0.25], "texture": "#0"},
				"down": {"uv": [11.5, 0, 11.75, 0.25], "texture": "#0"}
			}
		},
		{
			"from": [11, 6, 6],
			"to": [12, 9, 7],
			"faces": {
				"north": {"uv": [11.5, 0, 11.75, 0.75], "texture": "#0"},
				"east": {"uv": [11.5, 0, 11.75, 0.75], "texture": "#0"},
				"south": {"uv": [11.5, 0, 11.75, 0.75], "texture": "#0"},
				"west": {"uv": [11.5, 0, 11.75, 0.75], "texture": "#0"},
				"up": {"uv": [11.5, 0, 11.75, 0.25], "texture": "#0"},
				"down": {"uv": [11.5, 0, 11.75, 0.25], "texture": "#0"}
			}
		},
		{
			"from": [9, 6, 4],
			"to": [10, 9, 5],
			"faces": {
				"north": {"uv": [11.5, 0, 11.75, 0.75], "texture": "#0"},
				"east": {"uv": [11.5, 0, 11.75, 0.75], "texture": "#0"},
				"south": {"uv": [11.5, 0, 11.75, 0.75], "texture": "#0"},
				"west": {"uv": [11.5, 0, 11.75, 0.75], "texture": "#0"},
				"up": {"uv": [11.5, 0, 11.75, 0.25], "texture": "#0"},
				"down": {"uv": [11.5, 0, 11.75, 0.25], "texture": "#0"}
			}
		},
		{
			"from": [6, 6, 4],
			"to": [7, 9, 5],
			"faces": {
				"north": {"uv": [11.5, 0, 11.75, 0.75], "texture": "#0"},
				"east": {"uv": [11.5, 0, 11.75, 0.75], "texture": "#0"},
				"south": {"uv": [11.5, 0, 11.75, 0.75], "texture": "#0"},
				"west": {"uv": [11.5, 0, 11.75, 0.75], "texture": "#0"},
				"up": {"uv": [11.5, 0, 11.75, 0.25], "texture": "#0"},
				"down": {"uv": [11.5, 0, 11.75, 0.25], "texture": "#0"}
			}
		}
	],
	"display": {
		"thirdperson_righthand": {
			"rotation": [75, 315, 0],
			"translation": [0, 2.5, 0],
			"scale": [0.375, 0.375, 0.375]
		},
		"firstperson_righthand": {
			"rotation": [0, 315, 0],
			"translation": [0, 2.5, 0],
			"scale": [0.4, 0.4, 0.4]
		},
		"ground": {
			"translation": [0, 3, 0],
			"scale": [0.25, 0.25, 0.25]
		},
		"gui": {
			"rotation": [30, 45, 0],
			"scale": [0.625, 0.625, 0.625]
		},
		"head": {
			"rotation": [0, 180, 0]
		},
		"fixed": {
			"rotation": [0, 180, 0]
		}
	}
}