{
	"credit": "Made with Blockbench",
	"texture_size": [64, 64],
	"textures": {
		"0": "the_vault:block/vault_enchanter",
		"particle": "the_vault:block/vault_enchanter"
	},
	"elements": [
		{
			"from": [1, 0, 1],
			"to": [15, 4, 15],
			"rotation": {"angle": 0, "axis": "y", "origin": [1, 0, 1]},
			"faces": {
				"north": {"uv": [0, 11.5, 3.5, 12.5], "texture": "#0"},
				"east": {"uv": [0, 11.5, 3.5, 12.5], "texture": "#0"},
				"south": {"uv": [0, 11.5, 3.5, 12.5], "texture": "#0"},
				"west": {"uv": [0, 11.5, 3.5, 12.5], "texture": "#0"},
				"up": {"uv": [0, 8, 3.5, 11.5], "texture": "#0"},
				"down": {"uv": [0.25, 4.25, 3.75, 7.75], "texture": "#0"}
			}
		},
		{
			"from": [0, 10, 0],
			"to": [16, 16, 16],
			"rotation": {"angle": 0, "axis": "y", "origin": [0, 10, 0]},
			"faces": {
				"north": {"uv": [4, 0, 8, 1.5], "texture": "#0"},
				"east": {"uv": [4, 0, 8, 1.5], "texture": "#0"},
				"south": {"uv": [4, 0, 8, 1.5], "texture": "#0"},
				"west": {"uv": [4, 0, 8, 1.5], "texture": "#0"},
				"up": {"uv": [0, 0, 4, 4], "texture": "#0"},
				"down": {"uv": [0, 4, 4, 8], "texture": "#0"}
			}
		},
		{
			"from": [2, 4, 2],
			"to": [14, 6, 14],
			"rotation": {"angle": 0, "axis": "y", "origin": [2, 4, 2]},
			"faces": {
				"north": {"uv": [4, 4.5, 7, 5], "texture": "#0"},
				"east": {"uv": [4, 4.5, 7, 5], "texture": "#0"},
				"south": {"uv": [4, 4.5, 7, 5], "texture": "#0"},
				"west": {"uv": [4, 4.5, 7, 5], "texture": "#0"},
				"up": {"uv": [4, 1.5, 7, 4.5], "texture": "#0"},
				"down": {"uv": [4, 1.5, 7, 4.5], "texture": "#0"}
			}
		},
		{
			"from": [2, 8, 2],
			"to": [14, 10, 14],
			"rotation": {"angle": 0, "axis": "y", "origin": [2, 8, 2]},
			"faces": {
				"north": {"uv": [4, 4.5, 7, 5], "texture": "#0"},
				"east": {"uv": [4, 4.5, 7, 5], "texture": "#0"},
				"south": {"uv": [4, 4.5, 7, 5], "texture": "#0"},
				"west": {"uv": [4, 4.5, 7, 5], "texture": "#0"},
				"up": {"uv": [4, 1.5, 7, 4.5], "texture": "#0"},
				"down": {"uv": [4, 1.5, 7, 4.5], "texture": "#0"}
			}
		},
		{
			"from": [3, 6, 3],
			"to": [13, 8, 13],
			"rotation": {"angle": 0, "axis": "y", "origin": [3, 6, 3]},
			"faces": {
				"north": {"uv": [4, 5, 6.5, 5.5], "texture": "#0"},
				"east": {"uv": [4, 5, 6.5, 5.5], "texture": "#0"},
				"south": {"uv": [4, 5, 6.5, 5.5], "texture": "#0"},
				"west": {"uv": [4, 5, 6.5, 5.5], "texture": "#0"},
				"up": {"uv": [0.75, 4.75, 3.25, 7.25], "texture": "#0"},
				"down": {"uv": [0.75, 4.75, 3.25, 7.25], "texture": "#0"}
			}
		}
	],
	"display": {
		"thirdperson_righthand": {
			"rotation": [75, 45, 0],
			"translation": [0, 2.5, 0],
			"scale": [0.375, 0.375, 0.375]
		},
		"thirdperson_lefthand": {
			"rotation": [75, 45, 0],
			"translation": [0, 2.5, 0],
			"scale": [0.375, 0.375, 0.375]
		},
		"firstperson_righthand": {
			"rotation": [0, 45, 0],
			"scale": [0.4, 0.4, 0.4]
		},
		"firstperson_lefthand": {
			"rotation": [0, 225, 0],
			"scale": [0.4, 0.4, 0.4]
		},
		"ground": {
			"translation": [0, 3, 0],
			"scale": [0.25, 0.25, 0.25]
		},
		"gui": {
			"rotation": [30, 225, 0],
			"scale": [0.625, 0.625, 0.625]
		},
		"fixed": {
			"scale": [0.5, 0.5, 0.5]
		}
	}
}