{
	"credit": "Made with Blockbench",
	"texture_size": [64, 64],
	"textures": {
		"0": "the_vault:block/vault_artisan_station",
		"particle": "the_vault:block/vault_artisan_station"
	},
	"elements": [
		{
			"from": [4, 0, 0],
			"to": [16, 2, 16],
			"faces": {
				"north": {"uv": [8.5, 0, 11.5, 0.5], "texture": "#0"},
				"east": {"uv": [0, 4.5, 4, 5], "texture": "#0"},
				"south": {"uv": [8.5, 0, 11.5, 0.5], "texture": "#0"},
				"west": {"uv": [0, 4.5, 4, 5], "texture": "#0"},
				"up": {"uv": [0, 5, 4, 8], "rotation": 90, "texture": "#0"},
				"down": {"uv": [0, 0, 4, 3], "rotation": 90, "texture": "#0"}
			}
		},
		{
			"from": [0, 0, 0],
			"to": [4, 2, 16],
			"faces": {
				"north": {"uv": [10.5, 1.5, 11.5, 2], "texture": "#0"},
				"east": {"uv": [7.5, 1.5, 11.5, 2], "texture": "#0"},
				"south": {"uv": [7.5, 1.5, 8.5, 2], "texture": "#0"},
				"west": {"uv": [7.5, 1.5, 11.5, 2], "texture": "#0"},
				"up": {"uv": [7.5, 0.5, 11.5, 1.5], "rotation": 270, "texture": "#0"},
				"down": {"uv": [7.5, 0.5, 11.5, 1.5], "rotation": 90, "texture": "#0"}
			}
		},
		{
			"from": [5, 2, 1],
			"to": [15, 12, 15],
			"faces": {
				"north": {"uv": [7.5, 2, 10, 4.5], "texture": "#0"},
				"east": {"uv": [4, 2.5, 7.5, 5], "texture": "#0"},
				"south": {"uv": [7.5, 2, 10, 4.5], "texture": "#0"},
				"west": {"uv": [4, 0, 7.5, 2.5], "texture": "#0"},
				"up": {"uv": [4, 0, 7.5, 2.5], "rotation": 270, "texture": "#0"},
				"down": {"uv": [4, 0, 7.5, 2.5], "rotation": 90, "texture": "#0"}
			}
		},
		{
			"from": [14, 2, 14],
			"to": [16, 12, 16],
			"faces": {
				"north": {"uv": [3.5, 0, 4, 2.5], "texture": "#0"},
				"east": {"uv": [0, 0, 0.5, 2.5], "texture": "#0"},
				"south": {"uv": [3.5, 0, 4, 2.5], "texture": "#0"},
				"west": {"uv": [0, 0, 0.5, 2.5], "texture": "#0"},
				"up": {"uv": [0, 0, 0.5, 0.5], "rotation": 270, "texture": "#0"},
				"down": {"uv": [0, 0, 0.5, 0.5], "rotation": 90, "texture": "#0"}
			}
		},
		{
			"from": [4, 2, 14],
			"to": [6, 12, 16],
			"faces": {
				"north": {"uv": [0, 0, 0.5, 2.5], "texture": "#0"},
				"east": {"uv": [3.5, 0, 4, 2.5], "texture": "#0"},
				"south": {"uv": [0, 0, 0.5, 2.5], "texture": "#0"},
				"west": {"uv": [3.5, 0, 4, 2.5], "texture": "#0"},
				"up": {"uv": [0, 0, 0.5, 0.5], "rotation": 270, "texture": "#0"},
				"down": {"uv": [0, 0, 0.5, 0.5], "rotation": 90, "texture": "#0"}
			}
		},
		{
			"from": [4, 2, 0],
			"to": [6, 12, 2],
			"faces": {
				"north": {"uv": [3.5, 0, 4, 2.5], "texture": "#0"},
				"east": {"uv": [0, 0, 0.5, 2.5], "texture": "#0"},
				"south": {"uv": [3.5, 0, 4, 2.5], "texture": "#0"},
				"west": {"uv": [0, 0, 0.5, 2.5], "texture": "#0"},
				"up": {"uv": [0, 0, 0.5, 0.5], "rotation": 270, "texture": "#0"},
				"down": {"uv": [0, 0, 0.5, 0.5], "rotation": 90, "texture": "#0"}
			}
		},
		{
			"from": [14, 2, 0],
			"to": [16, 12, 2],
			"faces": {
				"north": {"uv": [0, 0, 0.5, 2.5], "texture": "#0"},
				"east": {"uv": [3.5, 0, 4, 2.5], "texture": "#0"},
				"south": {"uv": [0, 0, 0.5, 2.5], "texture": "#0"},
				"west": {"uv": [3.5, 0, 4, 2.5], "texture": "#0"},
				"up": {"uv": [0, 0, 0.5, 0.5], "rotation": 270, "texture": "#0"},
				"down": {"uv": [0, 0, 0.5, 0.5], "rotation": 90, "texture": "#0"}
			}
		},
		{
			"from": [4, 9, 8],
			"to": [5, 11, 13],
			"faces": {
				"north": {"uv": [10, 2.5, 10.25, 3], "texture": "#0"},
				"east": {"uv": [10, 2.5, 11.25, 3], "texture": "#0"},
				"south": {"uv": [11, 2.5, 11.25, 3], "texture": "#0"},
				"west": {"uv": [10, 2.5, 11.25, 3], "texture": "#0"},
				"up": {"uv": [10, 2.5, 11.25, 2.75], "rotation": 270, "texture": "#0"},
				"down": {"uv": [10, 2.75, 11.25, 3], "rotation": 90, "texture": "#0"}
			}
		},
		{
			"from": [4, 3, 10],
			"to": [5, 9, 11],
			"faces": {
				"north": {"uv": [10.5, 3, 10.75, 4.5], "texture": "#0"},
				"east": {"uv": [10.5, 3, 10.75, 4.5], "texture": "#0"},
				"south": {"uv": [10.5, 3, 10.75, 4.5], "texture": "#0"},
				"west": {"uv": [10.5, 3, 10.75, 4.5], "texture": "#0"},
				"up": {"uv": [10.5, 3, 10.75, 3.25], "rotation": 270, "texture": "#0"},
				"down": {"uv": [10.5, 3, 10.75, 3.25], "rotation": 90, "texture": "#0"}
			}
		},
		{
			"from": [4, 9, 4.25],
			"to": [5, 11, 5.25],
			"faces": {
				"north": {"uv": [11.25, 2.5, 11.5, 3], "texture": "#0"},
				"east": {"uv": [11.25, 2.5, 11.5, 3], "texture": "#0"},
				"south": {"uv": [11.25, 2.5, 11.5, 3], "texture": "#0"},
				"west": {"uv": [11.25, 2.5, 11.5, 3], "texture": "#0"},
				"up": {"uv": [11.25, 2.5, 11.5, 2.75], "rotation": 270, "texture": "#0"},
				"down": {"uv": [11.25, 2.5, 11.5, 2.75], "rotation": 90, "texture": "#0"}
			}
		},
		{
			"from": [4, 9, 5.75],
			"to": [5, 11, 6.75],
			"faces": {
				"north": {"uv": [11.25, 2.5, 11.5, 3], "texture": "#0"},
				"east": {"uv": [11.25, 2.5, 11.5, 3], "texture": "#0"},
				"south": {"uv": [11.25, 2.5, 11.5, 3], "texture": "#0"},
				"west": {"uv": [11.25, 2.5, 11.5, 3], "texture": "#0"},
				"up": {"uv": [11.25, 2.5, 11.5, 2.75], "rotation": 270, "texture": "#0"},
				"down": {"uv": [11.25, 2.5, 11.5, 2.75], "rotation": 90, "texture": "#0"}
			}
		},
		{
			"from": [4, 4, 1.25],
			"to": [5, 10, 2.25],
			"rotation": {"angle": 22.5, "axis": "x", "origin": [0, 0, 0]},
			"faces": {
				"north": {"uv": [11.25, 3, 11.5, 4.5], "texture": "#0"},
				"east": {"uv": [11.25, 3, 11.5, 4.5], "texture": "#0"},
				"south": {"uv": [11.25, 3, 11.5, 4.5], "texture": "#0"},
				"west": {"uv": [11.25, 3, 11.5, 4.5], "texture": "#0"},
				"up": {"uv": [11.25, 3, 11.5, 3.25], "rotation": 270, "texture": "#0"},
				"down": {"uv": [11.25, 3, 11.5, 3.25], "rotation": 90, "texture": "#0"}
			}
		},
		{
			"from": [4, -0.25, 8],
			"to": [5, 5.75, 9],
			"rotation": {"angle": -22.5, "axis": "x", "origin": [0, 0, 0]},
			"faces": {
				"north": {"uv": [11.25, 3, 11.5, 4.5], "texture": "#0"},
				"east": {"uv": [11.25, 3, 11.5, 4.5], "texture": "#0"},
				"south": {"uv": [11.25, 3, 11.5, 4.5], "texture": "#0"},
				"west": {"uv": [11.25, 3, 11.5, 4.5], "texture": "#0"},
				"up": {"uv": [11.25, 3, 11.5, 3.25], "rotation": 270, "texture": "#0"},
				"down": {"uv": [11.25, 3, 11.5, 3.25], "rotation": 90, "texture": "#0"}
			}
		},
		{
			"from": [3, 7, 9],
			"to": [5, 8, 12],
			"faces": {
				"north": {"uv": [10.25, 2, 10.75, 2.25], "texture": "#0"},
				"east": {"uv": [10, 2, 10.75, 2.25], "texture": "#0"},
				"south": {"uv": [10.25, 2, 10.75, 2.25], "texture": "#0"},
				"west": {"uv": [10, 2, 10.75, 2.25], "texture": "#0"},
				"up": {"uv": [10.75, 2, 11.5, 2.5], "rotation": 90, "texture": "#0"},
				"down": {"uv": [10, 2, 10.75, 2.5], "rotation": 270, "texture": "#0"}
			}
		},
		{
			"from": [3, 8, 4],
			"to": [5, 9, 7],
			"faces": {
				"north": {"uv": [10.25, 2, 10.75, 2.25], "texture": "#0"},
				"east": {"uv": [10, 2, 10.75, 2.25], "texture": "#0"},
				"south": {"uv": [10.25, 2, 10.75, 2.25], "texture": "#0"},
				"west": {"uv": [10, 2, 10.75, 2.25], "texture": "#0"},
				"up": {"uv": [10.75, 2, 11.5, 2.5], "rotation": 90, "texture": "#0"},
				"down": {"uv": [10, 2, 10.75, 2.5], "rotation": 270, "texture": "#0"}
			}
		},
		{
			"from": [0, 12, 0],
			"to": [16, 16, 16],
			"faces": {
				"north": {"uv": [0, 4, 4, 5], "texture": "#0"},
				"east": {"uv": [0, 4, 4, 5], "texture": "#0"},
				"south": {"uv": [0, 4, 4, 5], "texture": "#0"},
				"west": {"uv": [0, 4, 4, 5], "texture": "#0"},
				"up": {"uv": [0, 0, 4, 4], "rotation": 90, "texture": "#0"},
				"down": {"uv": [0, 0, 4, 4], "rotation": 90, "texture": "#0"}
			}
		}
	],
	"display": {
		"thirdperson_righthand": {
			"rotation": [75, 45, 0],
			"translation": [0, 2.5, 0],
			"scale": [0.375, 0.375, 0.375]
		},
		"firstperson_righthand": {
			"rotation": [0, 45, 0],
			"translation": [0, 2.5, 0],
			"scale": [0.4, 0.4, 0.4]
		},
		"ground": {
			"translation": [0, 3, 0],
			"scale": [0.25, 0.25, 0.25]
		},
		"gui": {
			"rotation": [30, 45, 0],
			"scale": [0.625, 0.625, 0.625]
		},
		"head": {
			"rotation": [0, 180, 0]
		},
		"fixed": {
			"rotation": [0, 90, 0]
		}
	}
}