{
	"credit": "Made with Blockbench",
	"textures": {
		"0": "the_vault:block/coinpilebronze",
		"particle": "the_vault:block/coin_particle_bronze"
	},
	"elements": [
		{
			"from": [8, 0, 7],
			"to": [12, 4, 11],
			"rotation": {"angle": 0, "axis": "y", "origin": [8, 0, 7]},
			"faces": {
				"north": {"uv": [0, 0, 4, 4], "texture": "#coin"},
				"east": {"uv": [0, 0, 4, 4], "texture": "#coin"},
				"south": {"uv": [0, 0, 4, 4], "texture": "#coin"},
				"west": {"uv": [0, 0, 4, 4], "texture": "#coin"},
				"up": {"uv": [4, 0, 8, 4], "texture": "#coin"},
				"down": {"uv": [4, 0, 8, 4], "texture": "#coin"}
			}
		},
		{
			"from": [4, 0, 5],
			"to": [8, 4, 9],
			"rotation": {"angle": 0, "axis": "y", "origin": [4, 0, 5]},
			"faces": {
				"north": {"uv": [0, 0, 4, 4], "texture": "#coin"},
				"east": {"uv": [0, 0, 4, 4], "texture": "#coin"},
				"south": {"uv": [0, 0, 4, 4], "texture": "#coin"},
				"west": {"uv": [0, 0, 4, 4], "texture": "#coin"},
				"up": {"uv": [4, 0, 8, 4], "texture": "#coin"},
				"down": {"uv": [4, 0, 8, 4], "texture": "#coin"}
			}
		}
	]
}